x,y,z,form0_x,form0_y,form0_z
-1.95387,-2.27208,0.0816387,0.52737,-0.448019,0.0176244
-0.306213,2.45033,-0.882991,-0.876134,-0.00386002,0.096371
0.967313,0.254681,0.0236018,-0.393718,1.43609,0.0107508
1.07415,0.111949,0.391847,-0.181601,1.20525,-0.127944
0.463675,-1.10426,-0.596871,1.20457,0.520331,-0.0125971
2.20874,-1.34864,-0.808913,0.14072,0.452898,-0.11929
-1.36669,-1.0828,0.966583,0.780516,-0.419387,-0.0673575
-0.24283,-1.8745,0.993949,0.699905,-0.128288,0.0166481
-2.84183,-0.79907,0.305993,0.161373,-0.628567,0.0633843
1.74146,-0.752654,0.994696,0.244703,0.272963,0.0190742
1.1719,-2.66874,0.404124,0.494651,0.216144,0.0164852
2.96566,0.0510337,0.258162,0.0318924,0.633802,-0.137152
0.658751,-0.82327,-0.325288,1.24761,1.09078,0.14129
2.35053,0.503516,0.914823,0.000475856,0.856879,-0.125032
-0.368816,-2.86951,0.44983,0.407714,0.0186917,0.191512
1.29069,2.55912,-0.499738,-0.41301,0.277588,0.112054
1.6932,-1.96544,0.804316,0.410121,0.538504,0.106456
-2.73227,-0.72833,0.561204,0.113755,-0.56674,-0.0160077
-0.916684,2.83874,-0.183195,-0.658435,-0.164055,0.0666795
-1.32792,0.701098,-0.866967,-0.681312,-0.769252,-0.11349
1.81906,0.32714,-0.988418,-0.260071,0.911019,-0.00135792
0.76556,0.758696,-0.386766,-1.06819,1.02632,0.0999042
-1.38891,-2.55007,0.427994,0.63544,-0.200795,0.254539
-1.53249,-2.03281,-0.837949,0.335245,-0.416206,0.0755316
-0.84561,-0.74915,0.492569,0.898588,-0.960823,-0.114386
-0.908174,0.814174,0.6254,-0.605271,-0.83904,-0.161669
2.65944,-0.0466261,0.751395,-0.0554081,0.641429,0.0352837
2.73749,-0.331238,0.652881,0.123444,0.430596,-0.122194
-0.397863,-0.928065,-0.139321,1.43608,-0.597771,0.137524
-0.639216,-0.885165,-0.418623,1.32752,-0.87477,0.126955
-0.379778,-0.932515,-0.117135,1.42985,-0.571546,0.144238
-0.951705,0.798243,-0.652428,-0.556556,-0.662838,-0.00789365
1.79671,2.04046,-0.695265,-0.40199,0.408617,0.00253144
-0.17825,-0.98434,-0.0264167,1.36911,-0.236041,0.0745647
-1.25857,-0.202211,0.688441,0.257248,-1.19709,-0.0762805
-0.723818,1.82007,0.999147,-0.705161,-0.390681,0.0122077
-1.64384,0.146687,0.936887,0.0562601,-0.805944,-0.0439745
0.823865,-0.686038,-0.372835,0.942077,1.22283,0.227801
2.08813,-0.918554,-0.959638,0.103206,0.854398,-0.0642124
-0.669087,0.83199,0.361566,-1.5013,-1.13601,0.0650172
-2.6727,-1.2892,0.253326,0.201584,-0.467341,-0.131784
-1.03809,2.14043,0.925445,-0.513594,-0.447677,0.100075
-2.35767,-1.58716,0.539282,0.273889,-0.557266,-0.157766
-0.787021,1.27688,0.865994,-0.942375,-0.970887,-0.165034
-1.24256,1.00682,-0.916192,-0.591795,-0.746808,0.0184357
0.893592,-0.736653,-0.539613,1.08692,1.19073,-0.0344842
0.211043,1.46034,-0.851415,-1.07224,0.22887,-0.078376
-0.744019,-0.72726,0.281433,1.07986,-1.04672,-0.140616
2.39414,1.39597,0.636361,-0.419454,0.476918,0.124447
0.850286,-1.48758,0.958062,0.75775,0.309759,0.0463779
0.231538,-0.975262,-0.0688123,1.46228,0.342575,0.128199
0.0667547,0.997928,0.0178121,-1.39857,0.120013,-0.126694
1.45576,-1.42885,0.999207,0.573973,0.309522,-0.0273334
2.29127,0.883416,-0.890145,-0.158827,0.631371,0.0272982
-0.559627,0.931296,0.406851,-1.37625,-0.901534,-0.122023
1.5037,2.07733,-0.825466,-0.317786,0.386743,0.0802248
-1.81093,0.584141,0.995266,-0.401199,-0.953146,0.0222331
0.84203,-2.81078,-0.356767,0.599774,0.207641,-0.0997976
0.335234,2.74261,0.646372,-0.403382,-0.00169844,0.0700711
2.00798,0.680745,-0.992745,-0.0775391,0.741734,0.0152846
-2.46985,1.6887,0.126495,-0.285482,-0.397051,0.0773148
0.663067,1.97765,0.996309,-0.714624,-0.100735,0.0248132
2.26194,1.45053,-0.726584,-0.195173,0.492827,0.124465
-1.23564,-0.682665,0.808629,0.343473,-0.80813,0.0613143
-0.876943,2.77614,-0.411632,-0.554895,-0.0606723,0.208082
-1.36666,-2.56148,-0.429091,0.516111,-0.289477,0.0338954
0.720567,2.19492,-0.950682,-0.638201,0.275987,0.00200551
1.12674,-0.428892,0.607404,0.452164,1.20505,-0.010925
-1.73996,1.97084,-0.777402,-0.397818,-0.251864,0.0409496
0.816701,0.637579,0.26627,-0.644718,0.859416,0.153294
-1.86057,-1.95919,0.712295,0.437617,-0.430465,-0.00862304
2.33032,-1.14789,-0.801723,0.11285,0.588755,-0.095343
-2.23758,0.879791,-0.914616,-0.123333,-0.455062,0.000808996
2.55116,-0.748304,0.752456,0.162571,0.533353,0.000909897
-2.66848,0.00174684,-0.743734,-0.0333738,-0.679711,0.0426328
-0.897979,0.45592,-0.118867,-0.625007,-1.17093,-0.166346
-1.42679,-1.34345,-0.999189,0.443314,-0.434522,-0.0239017
1.88515,-0.058099,0.993486,-0.0503109,0.694986,0.00838118
2.1023,-0.698538,0.976545,0.271014,0.487251,-0.0271856
-2.49833,0.640706,-0.815202,-0.296416,-0.584821,0.128133
0.0578519,-1.19037,-0.588871,1.10527,0.203969,0.1904
-2.59905,0.0420918,0.800459,0.0497824,-0.725627,0.0712187
-1.31203,-0.244411,0.746485,0.29163,-1.20813,-0.069718
0.586992,-2.56647,-0.774361,0.590094,0.150593,-0.0123386
-0.876652,0.521013,0.197964,-0.633491,-1.09286,-0.191322
-0.144155,-1.47394,0.854758,0.998723,-0.156229,0.051263
-0.352711,-1.41585,0.841101,1.32039,-0.388671,0.00343147
2.23196,-1.01521,-0.892019,0.0783421,0.763895,-0.0844913
0.781115,0.688058,0.283218,-0.76441,0.828928,0.0617551
-0.387549,-2.92222,-0.318839,0.396679,-0.0314039,0.0182648
1.45362,-0.712982,0.924599,0.471736,0.628836,0.0344952
1.99941,-0.408477,-0.999171,0.228446,0.979314,-0.0123618
1.76995,0.164015,0.97494,-0.224959,0.841835,-0.034842
1.38301,-1.596,-0.993725,0.549005,0.789308,-0.0623359
2.97302,-0.352921,0.110346,0.0872983,0.504566,-0.157529
2.5889,-0.713311,0.728198,0.162345,0.517488,-0.0157014
1.15357,1.56209,0.998309,-0.541022,0.278117,0.0232575
2.64536,-0.459483,-0.728573,0.0594183,0.55822,0.023437
1.20165,-0.994913,0.898032,0.518484,0.785757,-0.0441391
0.441578,-0.903185,0.103327,1.29341,0.667062,0.011762
-2.76025,0.348914,0.623007,-0.0295119,-0.623502,0.0371255
0.120087,1.07983,-0.406803,-1.56177,0.0853956,0.0480512
0.904194,-2.67486,0.567241,0.586976,0.217928,0.0367071
2.3319,-1.21542,0.776892,0.235018,0.350228,-0.0115745
-0.234205,2.30294,-0.949151,-0.997653,-0.109923,0.0291836
-1.97757,-0.493664,0.999268,0.224302,-0.505943,0.0219823
-2.73954,1.03022,0.375437,-0.122498,-0.859895,0.294264
1.08702,-0.50305,-0.597023,0.536788,1.1547,-0.0493079
2.52149,0.656039,0.795897,-0.0755812,0.860293,-0.0974771
-0.332298,-2.92663,0.3258,0.439797,0.00600556,0.225548
-1.87033,-1.63587,-0.87463,0.435273,-0.611268,0.0761292
1.18248,0.213008,0.602013,-0.306083,1.26108,-0.0647791
-0.511919,-2.61389,-0.748134,0.68459,-0.0347078,-0.0654139
1.95261,0.196859,-0.999297,-0.294355,0.915622,0.00696103
0.115017,-2.30038,0.952911,0.565391,-0.0441743,0.00546918
-2.85216,-0.229135,0.508021,0.10061,-0.595065,0.115558
2.23282,-1.06607,0.880383,0.306638,0.430299,-0.0456407
0.915563,0.403615,0.0340472,-0.567549,1.36414,0.188651
0.745554,-1.15359,0.779455,0.931534,0.596781,0.0376615
2.27698,1.01418,-0.870239,-0.100515,0.536701,0.0752445
-0.56889,0.844953,0.192065,-1.37371,-0.996756,-0.42366
-0.958683,0.448926,-0.337258,-0.664045,-1.40677,-0.0635408
1.21171,-0.262371,0.649676,0.203881,1.27488,-0.0905522
-1.87751,-0.773985,-0.999526,-0.0213279,-0.594463,-0.0105177
-0.0905007,1.62317,-0.927304,-1.16086,0.125633,-0.0430529
0.0840289,1.60511,-0.919671,-1.01625,0.0881394,-0.0316922
1.62904,-1.38043,-0.990809,0.471193,0.640319,0.00875655
0.180664,1.18244,0.594848,-0.939563,0.124349,0.007344
1.93784,1.92703,0.680349,-0.374158,0.267114,0.093744
-0.575781,2.34432,-0.910279,-0.843753,-0.199337,0.0597817
-1.23015,-0.739277,0.825231,0.375978,-0.860535,0.0632021
-1.54826,-0.547435,-0.933796,-0.0275317,-0.733914,-0.0726924
1.09834,-2.78889,-0.0724074,0.423638,0.152829,-0.101116
-1.58016,-0.631103,-0.954419,-0.0155495,-0.517384,-0.0342611
-0.677281,2.75084,-0.553292,-0.526815,0.0545668,0.181738
-2.55881,1.55929,0.0838132,-0.242801,-0.431284,0.13602
0.500128,-1.09624,-0.60652,1.11121,0.569661,0.0128638
-1.97423,-2.01196,0.574093,0.386124,-0.412041,-0.00348939
2.60731,-0.685573,-0.718106,0.268913,0.780488,0.0111802
-2.02429,2.17188,-0.247182,-0.294382,-0.3099,-0.161264
-2.81588,-0.966296,0.21295,0.198129,-0.672765,0.00434485
-2.21796,-1.4855,0.742842,0.199903,-0.578101,-0.160025
1.44586,-2.03566,-0.867818,0.355757,0.231455,0.0140422
0.985285,1.27806,-0.922397,-0.723907,0.863752,-0.102308
-2.49161,1.65895,-0.114993,-0.308415,-0.447319,0.115617
1.7229,-1.09401,-0.999164,0.524583,0.874374,0.0482762
1.12749,0.312768,-0.557867,-0.175852,1.28604,-0.174075
0.454444,-0.9246,-0.244082,1.2768,0.625303,-0.0769915
-2.58425,1.51991,0.0619587,-0.2364,-0.447851,0.135963
1.06271,-1.93871,-0.977514,0.639839,0.118857,0.0590968
1.2516,0.0783852,0.666003,-0.186014,1.224,-0.176168
-1.84153,2.08758,0.621081,-0.474173,-0.324718,-0.0223743
0.918267,0.494577,-0.290043,-0.808382,1.46335,-0.0373239
-0.755715,-1.07692,0.729129,0.91735,-0.320742,-0.196711
-0.18111,1.19957,-0.617158,-1.47588,-0.385473,0.222998
-0.877774,-2.86298,0.104563,0.44534,-0.135996,0.110895
2.35436,-0.867706,0.860666,0.238843,0.531399,-0.0153008
0.720763,0.737412,-0.247661,-1.22443,1.16376,0.0967284
0.811544,-0.923105,-0.636976,1.09408,0.892905,-0.00193454
2.67155,1.04735,0.493898,-0.174169,0.623735,-0.0760193
-0.98506,0.916099,-0.755808,-0.553873,-0.740402,0.0438265
-2.29879,1.08572,-0.840192,-0.152629,-0.441178,-0.0054618
-1.76659,0.123971,0.973411,0.0850822,-0.760916,-0.0339567
0.997954,-0.148675,-0.133624,0.307564,1.60769,-0.3502
0.455007,-2.79421,-0.556253,0.485406,0.118872,-0.0949358
-0.6176,1.5932,-0.956638,-0.908383,-0.302879,-0.0150257
-0.282021,2.25098,0.963257,-0.440298,-0.153892,0.00990835
1.94281,-2.25687,-0.208981,0.435616,0.388203,-0.0748899
1.06748,-0.986057,0.83727,0.570007,0.806393,-0.0816721
-2.44398,-0.164657,-0.89327,0.0605822,-0.589658,-0.0202077
-0.583086,0.866205,0.293935,-1.53683,-1.07729,-0.23696
2.24613,-0.0717551,-0.968945,-0.0308422,0.837999,0.0208442
-1.15907,2.63547,-0.476665,-0.595799,-0.169249,0.22099
1.15661,2.57075,-0.573857,-0.324705,0.199599,0.0779376
1.70414,-1.59832,-0.941724,0.50541,0.708486,-0.0401993
0.594502,-1.43946,0.896718,0.986282,0.309386,0.00990892
-1.40751,-2.48171,-0.521804,0.54495,-0.324207,0.0135794
2.48342,-0.664088,0.821172,0.14329,0.521344,-0.0109524
1.72891,-0.871166,0.997949,0.188737,0.394023,0.0346071
-0.0153388,-1.39375,-0.795338,0.785492,-0.0452908,0.00218314
1.2743,-1.52662,-0.999935,0.625933,0.771722,-0.0293485
0.0528907,2.94993,0.311026,-0.49527,0.000826304,-0.0300002
1.18808,1.45926,0.992984,-0.518232,0.327874,0.0236199
-0.635414,-1.15688,0.733113,1.04684,-0.265381,-0.207348
-0.567454,-2.51037,-0.819064,0.764467,-0.0653695,-0.0683703
1.49365,2.60165,0.0120468,-0.473196,0.304137,0.129318
-2.19505,1.69038,-0.637445,-0.22657,-0.394601,-0.0706598
1.26137,-0.797651,0.861603,0.499918,0.837223,-0.0559679
-1.16411,-0.472799,-0.668696,0.377331,-1.08849,-0.0521568
-2.57307,-1.37972,-0.392756,0.203471,-0.405791,-0.00181606
1.0062,2.74759,0.377444,-0.619169,0.218917,0.030848
-1.02628,-0.169311,-0.28052,0.269862,-1.48652,0.0583432
-2.15016,-0.318907,0.984803,0.118109,-0.544913,0.0213207
1.44518,0.903642,-0.955325,-0.36468,0.896686,-0.0433622
2.39782,-0.273224,-0.910578,-0.000845027,0.782642,-0.0428539
-1.82335,-0.877613,0.999722,0.361621,-0.527225,-0.000377217
2.63478,0.106155,-0.770935,-0.0502332,0.791059,-0.0554777
0.346124,-2.41576,0.897788,0.433826,0.118391,0.0307045
0.998446,-0.137202,0.124883,0.245833,1.52397,-0.0549312
-2.26283,-1.43345,0.734462,0.161289,-0.554812,-0.158934
-0.698033,1.49113,0.935407,-0.712631,-0.60746,-0.106528
0.496199,1.1981,0.710975,-1.00077,0.470029,0.0371423
-0.777847,-1.46969,-0.941448,0.955431,-0.520637,-0.00829946
0.538331,1.49844,0.913076,-0.684954,0.191954,0.00873923
-0.8985,-0.47709,-0.185254,0.620128,-1.16898,0.0138527
-1.1361,-0.850103,-0.813865,0.486572,-1.24972,-0.229477
2.16099,-0.519912,-0.974899,0.183913,0.997141,-0.0246031
1.55456,0.758732,0.962815,-0.444104,0.916252,0.00280142
-2.93797,0.000501671,0.346703,0.0470926,-0.640505,0.112685
-0.0771694,-2.07983,0.996693,0.816298,-0.284082,-0.0226615
0.45975,0.934403,-0.2847,-1.34803,0.807751,-0.143157
-2.07374,1.75841,-0.695113,-0.284304,-0.342791,-0.0326327
1.33936,0.558685,-0.835962,-0.189788,0.883615,-0.11868
-0.183982,-1.20473,-0.624157,0.815565,-0.0813577,0.0116868
2.53836,1.56139,0.198309,-0.227463,0.340001,-0.109719
-0.790568,0.612498,0.0123347,-0.837475,-1.08727,-0.135351
1.06008,-1.07994,0.873563,0.637888,0.869482,-0.0715616
-1.40389,0.246833,0.818452,-0.0239295,-0.97535,-0.076731
2.5315,-1.54864,-0.252412,0.196431,0.274904,0.159611
0.251337,-2.50473,0.8558,0.456551,0.128945,0.06976
2.45587,-1.44566,0.527139,0.128886,0.312425,0.128211
1.15645,1.19191,0.940691,-0.656977,0.707778,0.01757
1.23137,0.613475,-0.781209,-0.334003,0.937537,-0.120078
1.69682,0.802713,0.99242,-0.494909,0.84948,0.0215452
1.17242,-1.26665,-0.96172,0.583737,0.704432,0.0198258
-1.10624,-1.2401,-0.941076,0.368848,-0.68728,-0.135611
-1.07421,0.0231428,0.378651,0.0972508,-1.33458,-0.257407
1.29608,2.14647,-0.861702,-0.476683,0.402371,0.0742803
-0.71596,-1.37793,0.89445,0.823054,-0.469241,-0.0429362
-0.532565,1.16935,-0.699037,-1.34893,-0.311646,-0.279797
-0.250985,-1.00045,-0.24883,1.49763,-0.484744,-0.160269
-2.81073,0.714988,0.435386,-0.0968104,-0.676122,0.10426
-1.42483,-0.0669231,0.819139,0.23686,-0.885185,-0.127195
0.265811,-1.04437,-0.386387,1.54194,0.413343,0.0517461
2.49545,1.64472,-0.149869,-0.271133,0.397796,-0.105128
-1.94477,-1.04947,-0.97773,0.164502,-0.881854,0.0610935
0.327832,0.95234,0.119677,-1.2468,0.454115,0.213366
0.832321,-2.1763,0.94397,0.515721,0.356748,0.0477339
-1.8703,0.13129,0.992144,-0.00742243,-0.748531,-0.0218142
2.95721,-0.210402,0.263413,0.0918411,0.559993,-0.192789
0.461536,1.02983,-0.490434,-1.10248,0.659483,-0.223833
1.08134,-0.255879,0.458295,0.24457,1.47619,-0.145332
0.458046,-1.38256,-0.839386,0.913582,0.274543,0.0179738
-1.01242,0.11976,-0.1964,-0.188782,-1.41237,-0.05659
0.440608,-1.04447,0.499361,1.04865,0.396045,0.00937178
-1.11928,-0.844223,0.801469,0.673935,-1.00239,0.0413059
-1.66617,-2.45572,0.252475,0.519599,-0.374982,0.0595804
2.56468,-1.54536,-0.106817,0.199544,0.296729,0.191684
2.65076,1.15244,0.455095,-0.158188,0.508031,-0.0922197
1.52043,-2.57134,0.159326,0.553017,0.293587,-0.0122551
-1.6328,1.49863,0.97633,-0.478998,-0.695027,0.00735713
-1.21377,2.3621,0.755019,-0.521343,-0.291287,-0.0161319
2.27396,-0.085384,-0.961282,-0.00969935,0.817607,0.0207723
0.502284,-2.53009,0.814993,0.440345,0.234951,0.0829458
-1.45839,0.132913,0.844496,0.0805961,-0.82709,-0.0775881
-2.64937,1.40003,0.0831459,-0.186309,-0.451795,0.212044
2.08938,-2.02402,-0.416838,0.335297,0.323723,0.0391941
1.34072,0.813678,0.902024,-0.637492,0.922324,-0.0241218
-0.658927,-2.46444,-0.8345,0.78124,-0.0891063,-0.0897503
0.723692,-2.88206,-0.236897,0.633004,0.206174,-0.274576
0.565467,-1.7707,-0.989981,0.684905,0.0416813,-0.0224515
-0.847882,1.73663,0.997723,-0.604594,-0.387376,-0.0022924
0.289218,-0.958535,0.0493314,1.47831,0.4558,0.0118058
0.340246,2.1773,-0.979029,-0.999478,0.2522,0.0121535
-1.09141,1.28101,-0.948394,-0.643635,-0.590574,0.0129725
-2.14367,1.22365,-0.883555,-0.226929,-0.503832,-0.0382877
-1.00399,-0.267285,-0.276421,0.37631,-1.38397,-0.0208661
1.10267,0.943131,-0.835816,-0.621303,0.848729,-0.0486372
-1.12345,0.743563,0.757558,-0.589311,-0.852886,-0.0271721
2.35989,0.00445853,0.932993,-0.100401,0.86502,0.0432458
-0.0591106,-1.6735,-0.945556,0.902982,-0.428442,-0.0792951
1.79174,-2.40597,0.0181093,0.427499,0.326948,-0.15016
1.42093,1.69432,-0.977426,-0.325854,0.55705,0.051155
-0.858632,-2.87342,0.045432,0.399294,-0.12358,0.104525
0.543256,-1.13401,-0.669757,0.999568,0.595451,0.0531169
1.16393,-0.133473,-0.560075,0.230827,1.24783,-0.0965254
1.54962,-2.31789,0.615448,0.603648,0.521142,0.102655
-1.03341,0.533877,-0.547458,-0.516743,-1.13941,0.0566045
2.03262,-0.26082,-0.998785,0.121502,1.00215,0.00303144
1.01179,-0.166877,-0.224222,0.341769,1.545,-0.311397
-1.53311,-0.0354259,-0.88453,0.232157,-1.11366,0.096691
0.0377472,-1.74283,-0.966474,0.910038,-0.392379,-0.0835997
1.94839,-1.17156,0.961873,0.323248,0.424228,-0.034272
-2.86311,0.432343,-0.444917,-0.144293,-0.766009,0.211477
1.00423,-1.15674,0.883644,0.775109,0.851483,-0.0431214
-0.340119,-1.08298,-0.502005,1.06408,-0.451995,-0.269562
-0.762193,2.69125,0.603846,-0.617067,-0.160337,0.0107294
0.332027,-2.98131,-0.022586,0.330885,0.0436909,-0.207229
-1.2944,-0.615913,-0.824035,0.497333,-0.925242,0.0019124
0.854981,0.57202,0.237807,-0.623219,1.06323,0.254808
-0.842022,0.684367,-0.403595,-0.780123,-0.799652,-0.234818
2.67069,1.33428,0.17,-0.114945,0.329184,-0.166561
-2.03921,0.30767,0.998058,-0.168768,-0.704212,0.010126
-2.69128,1.29671,-0.158364,-0.151792,-0.424465,-0.0736264
-2.54958,1.32466,0.487423,-0.113057,-0.604633,0.265058
-2.25201,-1.35679,0.777281,0.129317,-0.537924,-0.138157
0.791585,0.76894,-0.443193,-0.946701,0.95197,0.0336168
1.96656,-0.869126,-0.988678,0.186775,0.890715,-0.0395887
-1.04773,-2.38206,-0.798275,0.698995,-0.255573,-0.0649866
1.18199,-2.36436,-0.765571,0.448926,0.270039,-0.0735582
1.64524,-1.24661,-0.997938,0.50685,0.721996,0.0292388
-1.23344,-0.711989,0.817579,0.369345,-0.81442,0.050164
1.09268,0.282151,-0.490436,-0.28151,1.38149,-0.0737226
-0.57183,-2.31677,-0.922374,0.679945,-0.107446,-0.0490539
-2.3983,-1.11067,0.765871,0.148974,-0.531538,-0.0378053
1.31921,-2.55106,0.489556,0.553279,0.311944,0.00430327
-1.01263,-0.207455,0.25729,0.290182,-1.177,-0.0670515
0.630764,-1.50289,0.928987,0.902342,0.244118,0.0321611
2.9992,-0.0563462,0.0234638,0.0157103,0.516107,-0.108641
-0.593914,0.811489,-0.105758,-1.16601,-0.847705,-0.125786
0.619877,1.1449,0.716034,-0.865387,0.594923,0.135899
-2.13126,1.72568,-0.670058,-0.250637,-0.363177,-0.0540958
0.028656,-1.49515,0.863366,0.943491,-0.0594842,0.0824092
-1.37195,0.550895,-0.853201,-0.441755,-0.69491,-0.0746489
-0.926298,-0.574706,-0.414824,0.729524,-1.10313,0.0650178
1.17924,1.21472,0.951702,-0.6413,0.692381,0.0197597
-0.152542,-1.00917,0.202098,1.33153,-0.190891,-0.132674
-0.249188,1.30262,0.738954,-0.992181,-0.241469,-0.0404633
0.757431,1.93495,0.99696,-0.700793,-0.0525011,0.0331371
1.85743,-2.16236,0.52583,0.400214,0.483053,0.132176
-2.70879,-1.16035,0.321665,0.183444,-0.526759,-0.119985
-2.16038,0.211081,0.985328,-0.187475,-0.767087,-0.0204304
2.30619,-1.70172,0.499924,0.259348,0.365098,0.0410715
2.21624,1.32978,0.811342,-0.520027,0.56669,0.10155
-0.898618,-2.55398,0.706751,0.660053,-0.239312,-0.023376
-0.612019,1.14748,0.714624,-0.847621,-0.72439,-0.216837
0.936923,1.85058,0.997241,-0.707937,0.176021,0.0401547
-1.36518,-2.67095,0.0276982,0.530069,-0.250904,0.150237
-1.93909,2.2611,0.205322,-0.392543,-0.357061,-0.0760278
-1.4426,2.62815,-0.0624543,-0.544457,-0.276049,0.125047
1.90468,-0.703656,0.999535,0.280841,0.426287,-0.0169106
0.929371,2.81798,0.253723,-0.680399,0.207427,0.102915
-1.2936,-0.0991401,-0.711579,0.0776122,-1.01616,-0.0393679
1.04023,0.158151,-0.318807,-0.169533,1.38942,-0.135997
0.63907,1.05575,0.642967,-0.84399,0.778416,0.254545
1.40928,-1.26756,-0.994521,0.391906,0.697938,0.0285898
0.713437,-2.83422,-0.385683,0.617514,0.201858,-0.16013
-1.12865,-0.421106,0.606157,0.347085,-0.915538,-0.0678292
0.22241,1.27215,0.705658,-1.13974,0.135214,-0.0736369
-0.938603,-0.356338,-0.0889987,0.430938,-1.11909,-0.0899958
2.09128,0.159915,0.995247,-0.0385582,0.660566,-0.0128829
-0.566791,-2.39353,0.888061,0.630949,-0.18645,-0.0347555
-0.256091,-1.20795,0.643788,1.30772,-0.30131,0.0118495
-0.94641,-1.23679,-0.896694,0.650724,-0.830314,-0.13685
-2.29208,-1.92888,0.0926695,0.325989,-0.360903,0.0185772
2.36646,1.18183,0.764047,-0.405627,0.540124,0.120237
0.0532222,2.35645,-0.934087,-1.025,0.163094,0.0340163
-1.34494,-0.678676,0.869734,0.363723,-0.75519,0.0285463
-0.840753,0.659064,-0.363188,-0.785228,-0.867577,-0.195074
2.93613,-0.147281,0.341655,0.0879084,0.554649,-0.182824
0.932175,-0.484261,-0.313636,0.714913,1.36002,-0.0259326
1.72385,2.43674,0.173403,-0.399222,0.323795,0.0694156
-1.91299,-1.21335,0.964156,0.165484,-0.380269,-0.0491212
-0.349153,-0.993546,0.321558,1.48918,-0.479907,-0.194873
0.661313,0.76494,-0.14906,-1.18246,1.01581,-0.0019987
-1.03694,2.49915,0.708476,-0.564284,-0.244013,-0.0108698
-0.219512,-1.00935,0.254548,1.37743,-0.289478,-0.190449
1.78096,-1.2751,-0.981713,0.611333,0.658855,0.0683154
-0.940609,1.4469,-0.961662,-0.758728,-0.572849,0.00723653
0.0916027,1.3165,0.732915,-0.815315,-0.0144882,-0.0619342
0.436068,-0.90024,0.0242213,1.38583,0.689167,0.0706711
-1.98246,-1.17213,-0.952974,0.266624,-0.843645,0.0662608
-1.8966,0.281018,0.996575,-0.143788,-0.744174,0.00208644
-0.101848,2.63439,0.771396,-0.588686,-0.0501411,0.0152445
2.6758,1.31417,-0.193505,-0.138232,0.370475,-0.0547686
2.68117,0.30268,-0.715904,-0.130314,0.57326,-0.0864799
-2.36933,-1.30197,-0.710706,0.202437,-0.514741,0.0386255
0.365343,0.941896,0.14294,-1.24047,0.527123,0.228031
2.94034,-0.455616,0.220302,0.127722,0.523414,-0.111897
1.52654,1.22263,-0.999023,-0.41256,0.855583,-0.0330204
-2.14848,0.667041,-0.968336,-0.151268,-0.460461,0.0260696
-2.34767,1.82909,-0.217341,-0.305981,-0.391312,0.0690492
0.329944,2.95648,0.222927,-0.58126,0.049081,0.0107547
-0.0186418,-2.38442,-0.923128,0.593913,-0.0223992,0.00539936
-0.917374,-1.163,0.854936,1.09812,-0.489502,-0.194636
-0.227532,-1.48222,-0.865784,1.03124,-0.119558,0.053255
2.43909,1.39751,-0.584934,-0.122268,0.439818,0.120201
-1.19717,1.58941,0.999948,-0.732078,-0.668245,-0.0170154
-2.97589,-0.372772,-0.04128,0.0559243,-0.532327,0.191671
-2.66238,1.32048,0.235575,-0.135968,-0.505905,0.369762
2.66218,0.694554,0.65997,-0.145792,0.810363,-0.00338561
0.347017,0.945703,0.121107,-1.23946,0.491061,0.227694
1.69946,-0.611547,-0.981031,0.452834,0.829682,-0.0173867
1.51167,2.46925,-0.445607,-0.47854,0.376411,0.119742
1.53958,-2.06259,-0.818975,0.33126,0.233165,0.0435487
1.30618,-2.6817,-0.184212,0.405426,0.214212,-0.0130156
-0.827728,0.673498,0.360174,-0.931279,-1.16902,-0.200306
-1.14295,0.242065,0.555229,-0.313164,-1.14302,0.0550935
0.517368,-1.03133,-0.532906,1.24796,0.685104,0.00531759
-0.69326,-1.4899,-0.934215,0.962979,-0.400271,0.0126118
1.46479,-2.40917,-0.573044,0.36635,0.276472,-0.052094
0.0554684,-1.16123,-0.546518,1.16283,0.210459,0.208115
-1.02091,-2.63996,-0.557043,0.746366,-0.282542,0.0315697
0.971299,-0.59124,0.505368,0.506302,0.982093,-0.0980192
0.942437,-1.91439,-0.991009,0.662555,0.083619,0.0441642
1.29327,2.70685,-0.0121422,-0.593503,0.297825,0.136992
-0.0321321,-2.87983,0.474965,0.524957,0.0405383,0.0323624
1.48361,0.898694,-0.964132,-0.362178,0.882969,-0.0454852
-2.51996,1.26695,-0.571608,-0.213049,-0.459127,-0.0196708
-2.22178,1.68455,-0.615431,-0.224321,-0.401462,-0.0713773
0.798424,2.57619,-0.716995,-0.339147,0.0473914,-0.0389536
1.68356,-0.692337,0.983732,0.240837,0.386331,0.0142994
0.967242,0.655355,0.555304,-0.552376,0.958657,0.0464099
1.00082,0.0308189,-0.0508511,-0.0310311,1.64194,-0.109255
-1.31893,2.67435,-0.1894,-0.603615,-0.251749,0.197802
1.89916,-0.110566,0.995223,-0.071891,0.702612,0.0145877
-0.135241,1.46056,-0.845994,-1.23855,-0.040221,0.0239989
1.00096,-1.80207,-0.998113,0.638319,0.213311,0.0257902
1.20984,2.30644,0.796612,-0.58947,0.00107932,0.211862
-2.30013,-1.38732,-0.727488,0.222297,-0.487453,0.0341263
0.966571,-0.258497,-0.032849,0.457028,1.61752,-0.259892
-0.618739,-2.8972,-0.271163,0.283423,-0.0765205,0.0145783
2.74853,-0.338311,-0.638918,0.0737113,0.642261,0.0717681
-2.62859,-1.33012,-0.32428,0.188793,-0.407566,-0.0171678
2.39649,-0.251861,0.912224,-0.0686409,0.718276,0.0575987
1.30389,-2.14141,-0.861862,0.491587,0.18148,0.031963
0.468052,-2.60933,-0.759101,0.576463,0.0645877,0.0259675
2.25173,-1.89907,-0.325235,0.305786,0.352575,0.0724218
-0.955479,-1.03678,-0.807341,0.403795,-0.899484,-0.231882
-0.819317,1.03776,0.735251,-0.866253,-0.995529,-0.222228
-1.12733,-0.202467,-0.519238,0.283744,-1.45583,0.0440253
0.374708,2.5193,0.837123,-0.427668,0.0856947,0.00827608
0.516557,-2.9549,-0.0239607,0.420585,0.110542,-0.284775
0.879056,1.60087,-0.984805,-0.669264,0.572616,-0.0184056
-1.29737,-0.683771,0.845817,0.376953,-0.805053,0.0285684
-2.80011,-0.642525,-0.487937,0.15319,-0.588017,0.0187486
-0.832162,-1.55752,-0.97221,0.849235,-0.444463,0.00700377
0.0988372,-1.49788,0.866681,0.988958,-0.00256687,0.080952
2.23893,1.84813,-0.429275,-0.403283,0.519642,0.0135939
-1.09621,-1.0954,0.892876,1.10395,-0.568535,-0.145675
-1.3499,0.81033,0.904931,-0.745057,-0.803836,0.0930928
-2.24716,-1.96118,0.185682,0.353916,-0.357862,0.0551194
-0.584812,-1.59242,-0.952804,1.05989,-0.269518,0.0385957
-2.38726,-1.42155,0.627699,0.213548,-0.539765,-0.098821
-0.316989,-2.93654,0.301072,0.447323,0.00239424,0.220878
-1.43207,-0.181143,-0.830833,0.12944,-1.0829,0.00200745
-2.89955,0.689038,-0.197523,-0.156109,-0.572169,0.218368
-0.668564,2.84222,0.392393,-0.581846,-0.145607,0.0160942
0.269315,2.04416,-0.998087,-0.956772,0.227469,0.0213873
-0.718946,-2.00891,0.991025,0.726057,-0.264104,0.0291515
-0.884286,-2.49108,-0.765552,0.844081,-0.196781,-0.103985
1.00667,2.82297,0.0762308,-0.607071,0.221569,0.20951
2.30716,-0.41257,0.939057,0.0242775,0.604918,0.0217964
-1.42043,-2.6286,-0.155533,0.438396,-0.266858,0.178518
-1.08883,-0.21634,-0.456175,0.320672,-1.53681,0.0628684
1.45086,-2.2493,0.73632,0.578652,0.541677,0.145973
-2.98881,0.253743,0.0296482,-0.0493851,-0.607522,0.176834
-1.14573,0.1745,0.540951,-0.202026,-1.08144,0.0212089
-0.0563148,1.08222,0.400453,-1.18957,-0.102882,-0.0484626
0.56794,0.84866,-0.204654,-1.33787,0.945253,0.0438858
-0.377032,-1.53308,-0.90695,1.15594,-0.182003,0.0537093
1.43121,-2.13147,0.823444,0.571728,0.488914,0.0903249
-0.693995,-1.42338,0.909159,0.798174,-0.514539,-0.0101253
-2.0001,2.16175,0.326803,-0.35488,-0.385192,0.0381824
-2.6666,-1.37397,-0.0219651,0.208931,-0.411085,-0.106226
-1.02517,-0.431542,0.460415,0.540886,-1.03501,-0.164343
1.44291,-0.607617,-0.900733,0.401024,0.830923,0.027634
-1.35497,1.15469,0.975555,-0.660498,-0.952515,0.00339845
1.34015,2.25902,0.779321,-0.585195,0.0725786,0.186791
1.67989,-1.63957,0.937722,0.509073,0.453583,0.0148253
2.36373,-1.83997,0.0952989,0.287998,0.378487,0.144138
1.54783,0.484338,-0.925741,-0.173565,0.885466,-0.0570369
0.95816,2.84066,-0.0647372,-0.570269,0.205417,0.267759
-1.86016,-2.14456,0.544293,0.487419,-0.387059,0.036252
0.606009,-2.43342,0.861509,0.569533,0.355532,0.0954112
-1.81726,-1.44082,-0.947708,0.530248,-0.614654,0.0189951
0.482709,1.25567,-0.755854,-1.04026,0.377923,-0.0192287
2.1777,1.9851,-0.322135,-0.429681,0.474514,0.00501995
-1.3391,-0.0502763,0.751306,0.209304,-1.03215,-0.095585
0.440267,-1.00851,0.436763,1.0566,0.449421,-0.0311221
0.364316,1.73544,0.973957,-0.65826,-0.133542,-0.0364658
2.07973,1.06186,-0.942174,-0.145139,0.463096,0.0436552
-2.26109,-0.751123,0.923919,0.178365,-0.596609,-0.0188259
0.454681,1.18784,0.685459,-1.11035,0.42513,-0.00557073
1.33183,0.600577,-0.842295,-0.233171,0.879634,-0.0992095
0.415924,-2.82508,-0.517754,0.445339,0.118105,-0.144377
1.03191,-2.14976,-0.923085,0.618792,0.108338,0.0569917
-2.29677,1.70568,0.508839,-0.41851,-0.499832,-0.12423
-0.726449,2.55572,-0.753923,-0.596662,0.028177,0.200406
-0.382704,2.22406,-0.966478,-0.994438,-0.309044,-0.00263288
-0.65294,0.779532,0.182847,-1.33618,-1.2183,-0.429912
-0.93557,-0.490909,-0.331496,0.646392,-1.1869,-0.00223987
-1.04678,-0.184863,0.349279,0.277373,-1.21197,-0.0960164
-1.80697,2.31901,0.34147,-0.53484,-0.410103,0.0180693
-1.02193,-1.19532,0.904071,1.068,-0.550768,-0.145546
-1.28366,-2.54965,-0.519364,0.564354,-0.275702,-0.00130952
-1.10736,-0.42464,-0.580842,0.375334,-1.14047,-0.0324873
-2.1387,1.83139,0.578505,-0.357048,-0.306234,-0.116684
-0.74883,-0.738576,-0.317615,1.17134,-1.09998,0.186402
-1.05932,-0.69017,-0.677328,0.409552,-1.02157,-0.183031
-1.27685,2.00298,-0.926883,-0.762528,-0.33834,0.0486977
-0.370252,1.06607,-0.490461,-1.31912,-0.31707,-0.168855
-2.20657,-0.652342,0.953632,0.225211,-0.558529,0.00656095
-2.26961,-1.93453,-0.187823,0.371191,-0.440369,-0.0206171
-1.31469,-1.09876,0.958046,0.856364,-0.42969,-0.0854301
-1.36786,1.23936,-0.988043,-0.564549,-0.51733,-0.016693
-1.48236,-0.65005,-0.924421,0.215991,-0.615038,0.00448731
2.87451,-0.257703,-0.463611,0.0672937,0.515534,0.0960229
-1.88374,0.915151,-0.995546,-0.180499,-0.49667,-0.0111751
0.683451,-1.03316,0.648468,0.953876,0.63634,0.0495128
2.57741,1.44499,0.297146,-0.160085,0.309703,-0.11071
1.02315,-1.02022,-0.831776,0.903663,0.71675,-0.121202
2.79841,-1.07341,0.0746084,0.104185,0.352377,0.122648
-0.219424,2.9381,0.32334,-0.532015,-0.0635435,0.0355761
2.98079,0.227084,0.145013,-0.0288919,0.466361,-0.0740525
-1.09744,0.117611,-0.443493,-0.160631,-1.37052,-0.0570115
0.916235,2.03647,-0.972454,-0.715521,0.549947,0.0186649
2.85814,-0.514917,0.427212,0.178218,0.5263,-0.120538
1.26326,-0.946024,0.9067,0.54395,0.725793,-0.00671183
1.23584,-0.311813,0.688296,0.260735,1.13951,-0.0410272
-2.23006,-1.70458,-0.590672,0.312679,-0.509339,0.101162
-1.38743,-0.132561,-0.795272,0.153202,-0.994058,0.0301136
0.582964,-1.0188,0.563377,0.906099,0.517975,0.0148172
-1.65958,-2.35659,-0.470655,0.555581,-0.382867,0.0120674
0.0146372,1.61511,-0.92299,-1.04653,0.0945673,-0.0322159
1.40203,-0.614195,-0.883019,0.38867,0.854679,0.0411907
-1.63896,0.652494,-0.97177,-0.235098,-0.516076,-0.0125513
0.152532,-1.02303,-0.259797,1.49106,0.26638,0.180272
-1.02076,-0.00601578,0.202796,0.0167077,-1.27434,-0.0595843
1.21376,2.7272,-0.171981,-0.4677,0.257373,0.229284
-0.313071,1.05463,-0.436138,-1.37324,-0.280741,-0.215898
-1.04329,-0.526726,0.555844,0.52594,-0.837772,-0.178491
1.76375,2.21581,0.554661,-0.390881,0.230105,0.0739686
2.34612,0.203016,0.934909,-0.0168481,0.763601,-0.0276103
-2.73986,1.20837,-0.104802,-0.164841,-0.523965,-0.0408229
0.227481,-2.96247,-0.238302,0.453,0.0773363,-0.225263
-2.26067,-1.97188,0.0186985,0.345336,-0.359908,-0.00532402
-1.29501,2.57566,0.469568,-0.594299,-0.197015,-0.175949
-0.320454,-1.53483,-0.901837,1.09537,-0.182574,0.0457955
-2.1892,0.213679,0.979876,-0.177329,-0.763889,-0.0183697
1.48368,-0.00464854,-0.856403,0.173813,0.998481,-0.110786
0.366338,-2.21975,0.968304,0.712949,0.136566,0.00840825
0.583632,-1.05172,0.603718,0.853783,0.441936,0.0556311
-0.0924041,1.53828,0.888465,-0.794394,-0.227994,-0.0740348
1.16484,1.65287,0.999756,-0.579493,0.251574,0.0318059
0.675561,2.04863,-0.987576,-0.754775,0.42277,0.00866288
-1.51946,0.688767,0.943379,-0.508956,-0.86087,0.0426692
-2.85131,-0.218079,-0.510905,0.00462206,-0.578402,0.0964492
0.810185,2.23316,0.926788,-0.636316,0.0175971,0.07405
0.521826,-2.74067,-0.613224,0.539184,0.130966,-0.0472773
1.74067,-1.89064,0.821705,0.394683,0.554484,0.0922543
-0.691161,1.56991,0.958621,-0.691433,-0.494136,-0.0705372
-2.99092,-0.151676,-0.102219,0.0120856,-0.587359,0.153516
-2.45147,-1.65197,0.292947,0.368072,-0.589369,-0.0711662
-0.436327,-2.48879,-0.850021,0.904825,0.0192429,-0.0968229
1.51109,2.01186,0.856502,-0.66874,0.130542,0.172402
-0.19414,0.988301,-0.119694,-1.18162,-0.214946,-0.176933
-0.358646,-2.94394,-0.259628,0.435412,-0.0326527,0.0465018
-2.48645,-1.13572,0.67963,0.227523,-0.533683,0.0165938
1.03891,-0.755356,0.698599,0.406973,0.99052,-0.240487
-0.948063,0.322211,-0.0513736,-0.482521,-1.32813,-0.243695
-1.1855,0.788221,-0.817182,-0.656616,-0.820425,-0.0669226
-0.515984,1.3917,0.856756,-0.972659,-0.588362,-0.119338
0.234465,1.99414,0.999969,-0.601599,-0.159882,-0.000235223
-1.65642,-2.30311,-0.54734,0.490924,-0.340022,-0.00886765
-0.276314,2.98596,0.0506717,-0.497319,-0.0717515,-0.0928055
1.94062,-2.27867,-0.117705,0.437902,0.409706,-0.131526
-0.335249,2.56954,0.806439,-0.609397,-0.0101348,-0.0604039
-0.981372,-1.87795,0.992905,0.410195,-0.421242,0.0266894
-1.7145,-0.783017,-0.993347,-0.0839161,-0.594418,-0.0166496
-1.39645,-1.4585,-0.999815,0.410215,-0.382571,0.00402802
0.794405,-0.612878,-0.0817103,0.849817,1.10807,0.0341179
1.44104,2.6208,0.134974,-0.471717,0.271887,0.0538415
1.27808,1.75484,0.985282,-0.723914,0.125232,0.11016
1.62953,1.5673,0.965359,-0.697432,0.37294,0.0860936
2.46523,1.2843,-0.626138,-0.0927261,0.47604,0.133121
-1.00946,-0.220525,0.255775,0.3086,-1.19741,-0.0609374
1.06541,1.82054,-0.994,-0.717859,0.58163,-0.00326621
0.995307,-2.65072,-0.555645,0.461177,0.255346,-0.0874553
1.20476,0.172316,0.622045,-0.227825,1.17994,-0.083778
-2.03694,2.04702,-0.460225,-0.232236,-0.289409,-0.0787171
-1.55429,0.264187,-0.905933,0.113929,-0.91289,0.0978903
0.252457,1.18266,-0.612211,-0.96432,0.236476,-0.0478104
-0.646802,0.82412,0.304943,-1.50902,-1.16381,-0.079563
0.181255,1.04989,0.355757,-1.07515,0.282994,0.33207
-0.308246,1.52077,0.893879,-0.934838,-0.392461,-0.0876746
1.63069,-0.806871,0.983555,0.323623,0.34026,0.0518822
-0.871396,0.499394,0.0932056,-0.63426,-1.05638,-0.127082
-0.877028,0.764774,0.54818,-0.671381,-0.86373,-0.10996
-1.47237,-1.23646,0.997007,0.675495,-0.360318,-0.0355251
-1.48689,-2.48353,0.446844,0.641671,-0.285668,0.186956
-1.59556,-2.52388,-0.167165,0.472464,-0.361898,0.223414
0.949914,0.559838,-0.441245,-0.784381,1.32377,0.0458367
-1.29331,-0.731272,0.857633,0.359753,-0.830969,0.0508138
-0.224132,-2.52754,-0.84329,0.88093,0.057509,-0.0893315
0.283353,-0.962466,0.081292,1.49868,0.446332,-0.0453171
-2.13463,-1.32726,-0.858022,0.279674,-0.650504,0.0516054
1.71182,1.83611,0.859995,-0.543644,0.174185,0.131686
2.25693,1.31074,0.79245,-0.477829,0.517851,0.116805
-0.927092,1.87588,0.995715,-0.556514,-0.406628,0.0391057
2.3699,-1.15991,-0.769601,0.12576,0.56605,-0.0948361
-2.06085,0.358108,-0.995784,-0.15889,-0.481992,0.0516543
1.21099,-0.933576,0.88217,0.506273,0.723743,-0.0327999
-2.82102,0.730461,-0.405576,-0.185816,-0.560952,0.1347
0.0848548,-2.63777,-0.769093,0.655158,-0.0536194,0.0373888
-1.23183,0.115449,0.64667,-0.119221,-0.978912,0.0690601
-0.305446,-1.1506,-0.587059,0.898085,-0.252073,-0.108295
-1.22717,2.73255,-0.0951541,-0.646609,-0.23183,0.185685
1.33117,-1.10314,-0.962538,0.371936,0.897458,0.0787526
-0.22885,2.31118,0.946574,-0.428344,-0.105712,0.00972007
1.18506,0.0460155,-0.5808,0.132643,1.1572,-0.186306
-0.500093,-2.73007,-0.631348,0.487109,-0.0225212,-0.0561703
-0.454133,-0.913948,-0.201725,1.44001,-0.695328,0.135302
-0.563722,-0.851192,0.203553,1.49046,-0.995647,0.0154554
-0.755266,-1.82062,-0.999581,0.517223,-0.374398,0.0350401
-0.892137,-0.537219,0.284753,0.970194,-1.41333,-0.321948
0.996092,0.881281,-0.742346,-0.460424,0.762419,-0.132273
-1.45792,-2.6208,0.0441364,0.414545,-0.227237,0.148647
2.07862,0.0862284,-0.996762,-0.239284,0.892435,0.0102297
1.21643,2.70965,-0.242421,-0.422908,0.248399,0.225608
-2.25296,1.22243,-0.826296,-0.178058,-0.451451,-0.0388513
-1.73765,1.66559,-0.913431,-0.413236,-0.353968,0.0362621
0.74348,0.689132,0.165193,-0.956308,0.959876,-0.00109615
-1.71069,0.845301,-0.995772,-0.29148,-0.538506,-0.0100613
-0.714877,-0.702562,0.0680627,0.895622,-0.895419,-0.0944419
-1.97881,1.91848,0.654415,-0.367516,-0.249341,-0.0813972
-0.76773,-2.87722,0.209153,0.402086,-0.0639015,0.189558
0.169978,1.41122,0.815627,-0.869814,0.00779585,-0.0703769
1.55784,1.97803,-0.855482,-0.297798,0.404839,0.0543383
-0.00703352,-1.01749,0.186363,1.53571,0.0325263,-0.142538
-1.35205,-2.41349,0.642367,0.757343,-0.235884,0.242251
-2.68941,1.27855,0.209276,-0.126856,-0.504476,0.348144
0.662919,0.768981,-0.174147,-1.18379,1.01322,0.0055422
-1.03744,-1.72157,0.99995,0.464539,-0.685635,0.0285207
-0.000377119,-1.35639,-0.765355,0.803476,-0.00506068,0.0162882
0.883625,1.47172,0.959006,-0.78814,0.227539,-0.0639822
-0.395332,-0.985836,0.347038,1.47705,-0.552819,-0.136406
-1.62066,2.07216,0.776053,-0.606175,-0.322291,-0.0771596
1.00754,-0.594842,0.557807,0.464229,1.00962,-0.113744
0.0105595,-1.09149,-0.417968,1.21246,0.122116,0.163257
-0.15127,1.00697,-0.190289,-1.32617,-0.144624,-0.200468
2.59124,-1.0633,0.598776,0.0809306,0.418346,0.139535
2.60454,0.416424,-0.770351,-0.201583,0.612362,-0.0835134
0.706733,1.62822,-0.974356,-0.783248,0.427558,0.0186446
0.131898,2.59035,0.804679,-0.487541,-0.0278185,0.0330351
-0.311171,-2.75196,0.638646,0.372411,0.0505813,0.125404
-2.42991,-0.403161,0.886293,0.155578,-0.45965,0.0330864
-1.12604,0.256345,0.534536,-0.348942,-1.20965,0.0616372
0.349021,2.00228,0.999473,-0.63872,-0.129476,0.00032839
0.0866785,-2.13198,0.991017,0.686382,-0.222511,-0.0239404
0.967207,0.875728,-0.718774,-0.449157,0.749462,-0.151872
0.0456293,2.73112,0.681836,-0.512392,-0.032527,0.0260253
0.773405,-2.09194,0.973113,0.543127,0.39764,0.0488264
-2.7248,0.865558,-0.512016,-0.241284,-0.554233,0.0758973
1.95861,-1.91437,0.673932,0.433574,0.536336,0.0228288
-1.74232,-1.29392,0.985403,0.229609,-0.274173,-0.0367862
0.698215,-2.75203,-0.543785,0.578068,0.186592,-0.0585275
0.840816,2.02643,-0.981013,-0.699336,0.578767,0.027065
-0.425345,0.962573,0.319345,-1.54695,-0.755316,-0.165969
-2.1309,2.08569,-0.190174,-0.289181,-0.31648,-0.107456
-1.53423,0.0559435,0.885441,0.113138,-0.733138,-0.0759383
-1.15093,0.201116,-0.555334,-0.230611,-1.31833,-0.0121693
1.00651,-2.05564,0.957381,0.541243,0.367982,0.000706075
0.479236,0.914693,0.253379,-1.46181,0.81563,0.0713847
1.20819,-1.63069,0.999565,0.611381,0.335149,-0.00895256
1.3933,-1.16678,-0.983173,0.356732,0.784047,0.0575117
2.1364,1.09734,0.915753,-0.483199,0.559642,0.0954877
2.74946,0.162411,-0.656582,-0.130594,0.751117,-0.142911
-0.74249,2.69724,-0.603232,-0.512609,0.0630049,0.23
-1.71797,1.23594,-0.993208,-0.40983,-0.555311,-0.00551897
2.70663,-0.508402,-0.65691,0.115041,0.50128,0.0518011
1.51081,0.727335,0.946322,-0.461074,0.987487,0.00222365
0.576037,-2.89069,0.319693,0.361316,0.0939991,-0.00952776
-2.80483,0.436568,-0.54474,-0.121742,-0.746203,0.116658
0.763498,0.811749,-0.464431,-0.978012,0.900382,-0.0303344
-1.97392,2.20857,0.272622,-0.363403,-0.368677,-0.00618125
-1.58457,1.47121,-0.986749,-0.418003,-0.396613,0.00151813
0.0632109,1.56435,0.900733,-0.776049,-0.150105,-0.06694
-0.813035,2.84082,-0.296997,-0.573832,-0.101651,0.0542802
-2.62409,1.44435,-0.0965165,-0.199468,-0.399853,0.00267802
1.16725,-0.282083,-0.601128,0.255518,1.32491,0.00943258
-2.74272,0.72518,-0.547246,-0.214041,-0.528607,0.111757
1.30997,-0.424405,0.782222,0.255825,0.947386,-0.0593295
1.81186,0.351912,0.988027,-0.47823,1.13169,-0.0231509
1.71623,0.756937,-0.99225,-0.255821,0.764822,-0.0109738
1.05133,0.185638,-0.361424,-0.214433,1.38774,-0.100163
-1.50572,-2.58087,0.154555,0.42829,-0.238271,0.134508
0.263799,1.39395,0.813685,-0.950644,0.110801,-0.0531052
-2.65945,-1.38509,0.0542363,0.219705,-0.418788,-0.128693
0.460443,-1.57135,0.931955,1.1694,0.174468,0.0469801
-0.501808,0.888641,0.201621,-1.47481,-0.879622,-0.275604
0.0367465,1.35268,0.762639,-0.809814,-0.0033246,-0.0271046
-0.155666,-0.999434,-0.151117,1.48058,-0.243403,-0.0255197
-2.94876,0.450002,0.184143,-0.0670526,-0.532622,0.119311
1.74515,2.3771,-0.315493,-0.483371,0.398192,0.0905499
1.91196,1.17074,0.970294,-0.642216,0.569633,0.0719753
-0.230634,-2.85423,0.504293,0.394654,0.0429152,0.126576
0.776213,-0.933347,-0.618147,1.09513,0.904903,0.0467968
1.17649,-0.968774,-0.879457,0.580947,0.928377,0.0248106
-1.56608,-0.0994089,0.902464,0.0599357,-0.81288,-0.0568695
1.6317,2.35153,-0.506576,-0.442335,0.407666,0.0986446
0.390715,2.5346,0.82541,-0.426066,0.0864437,0.0124691
-2.36609,0.711274,0.882301,-0.143324,-0.458723,0.00290908
1.52579,-2.04934,-0.831874,0.337149,0.243753,0.0396364
-0.616496,-0.850751,0.314189,1.43211,-1.08417,0.165043
-0.162075,1.05737,-0.366856,-1.53164,-0.14371,-0.194728
0.0787709,-2.11007,-0.99376,0.565795,-0.167675,-0.000503094
-0.929699,0.399268,0.153221,-0.539324,-1.24746,-0.0210596
2.7561,-0.299651,-0.635207,0.0483074,0.698665,0.0450063
-1.94993,0.936689,0.986586,-0.524731,-0.603906,-0.0577956
0.521994,-0.855477,0.0656424,1.37224,0.893256,-0.0370633
2.47192,0.226484,0.876022,-0.0164061,0.808412,-0.0276937
-0.411724,-2.03453,0.997125,0.832057,-0.127006,0.00389212
-0.998764,0.740336,-0.653684,-0.516159,-0.721399,0.0157959
-1.1984,0.0074598,-0.597897,-0.139955,-1.27984,-0.170934
0.399908,1.20058,0.678534,-1.26462,0.391781,-0.0365515
2.70905,-1.28495,0.0574725,0.129579,0.288021,0.18038
0.327395,1.00002,0.319023,-1.12922,0.459931,0.299498
-1.73766,-0.708109,0.992333,0.342822,-0.525643,-0.00631092
-2.45576,-1.72238,-0.0296538,0.393818,-0.608042,0.0437105
0.704858,-0.869197,-0.473255,1.22262,1.05176,0.125126
-2.69277,0.572368,-0.658106,-0.192782,-0.634189,0.0971479
0.788711,-1.43698,-0.932644,0.624587,0.450658,0.0190826
-2.80755,-0.424741,0.543362,0.105744,-0.565579,0.061931
0.964244,-0.271391,0.0584271,0.417072,1.50414,-0.244436
-0.614507,-2.88578,-0.31077,0.288513,-0.0817296,0.0169544
0.867819,-0.534765,-0.195794,0.71895,1.24531,0.09488
2.46005,-0.93204,0.776033,0.189442,0.54186,0.0413061
0.67007,-1.96735,-0.996927,0.675773,0.0589024,0.00792482
1.56323,1.51236,-0.984556,-0.340446,0.642494,0.0215108
1.35044,1.34078,-0.995284,-0.362546,0.794595,-0.00906716
-1.09354,-0.979357,-0.846734,0.345295,-1.13518,-0.269019
-0.344389,2.56931,-0.805728,-0.741729,0.0825125,0.150394
-0.821555,0.722902,0.423966,-0.948004,-1.04129,-0.0618528
0.67351,1.29812,0.843225,-0.914311,0.298014,-0.0472731
0.213354,-2.78434,-0.609866,0.533979,0.00661297,-0.0317229
1.74474,-2.26403,0.513125,0.443945,0.43654,0.105391
2.00218,2.20884,-0.19286,-0.4363,0.407177,0.0646992
-2.42121,-0.257068,0.900518,0.109185,-0.465634,0.0379142
-1.18109,0.915995,0.862923,-0.7564,-0.845994,0.0223326
0.577205,-2.24717,-0.947379,0.65993,0.15955,-0.0150749
-2.64225,0.590746,0.706734,-0.0584965,-0.559958,0.0561371
-0.156655,-1.29287,0.716418,1.17057,-0.222911,0.0313866
-1.28667,-0.56742,-0.804637,0.426457,-0.960653,-0.013139
1.50089,-0.206415,0.874521,0.197995,0.824842,0.0317979
-2.24222,1.23941,-0.827156,-0.195338,-0.459291,-0.0410049
1.71944,-0.133466,0.961333,0.00868891,0.701467,0.0093802
-0.995854,0.585249,-0.534915,-0.5621,-1.01057,-0.00922053
0.574336,1.27561,0.79921,-0.850962,0.472551,0.0774454
0.554952,-2.71574,0.635787,0.403766,0.176338,0.114168
-0.247913,1.80539,0.984091,-0.644751,-0.359247,-0.0351923
-2.20158,-0.965129,-0.914832,0.289529,-0.839944,0.0245374
-0.96751,-1.26387,0.912838,1.00564,-0.604651,-0.115364
0.446616,1.36512,0.825991,-0.923359,0.390274,0.0579889
2.70038,0.593049,-0.644349,-0.264487,0.701326,-0.0895161
2.85365,-0.233008,-0.504947,0.0447849,0.601694,0.0744348
0.454549,-1.00857,-0.448602,1.41005,0.613709,-0.0651922
1.97378,1.94192,0.639359,-0.369988,0.285793,0.103129
1.12143,-1.58568,0.998326,0.599625,0.347697,0.00562788
-0.115288,2.25489,-0.966188,-1.04688,0.0166608,0.0266324
0.02174,1.27417,0.688066,-0.795997,-0.0273611,-0.0429481
0.41071,-2.87075,-0.435922,0.437288,0.149192,-0.257398
0.0589361,-1.27319,0.688283,1.07409,0.0998905,-0.0608328
1.69926,-2.46832,-0.0813835,0.539061,0.36266,-0.0517718
0.941568,1.09061,-0.829052,-0.72333,0.972181,-0.159812
-0.0276067,-1.8201,0.983723,0.598367,-0.0745049,-0.00991156
-1.02494,0.196694,-0.292207,-0.333626,-1.42685,-0.194296
-1.06059,2.05327,-0.950406,-0.817345,-0.369932,0.0244916
-0.198057,-2.00161,0.999935,0.834625,-0.181598,-0.00818171
0.967838,-1.42138,0.959884,0.685779,0.412149,0.0153474
-0.498977,1.01917,0.501368,-1.14313,-0.713877,-0.223437
0.759455,1.11466,0.758902,-0.91357,0.584106,0.0671047
2.92456,-0.152937,-0.371192,-0.00686507,0.50087,0.0213048
1.22155,-0.67967,-0.798423,0.454795,0.893009,0.0338051
-0.286162,1.11917,-0.535036,-1.36871,-0.264934,-0.117226
1.15946,-2.70665,-0.328405,0.360474,0.198661,-0.0722136
1.00074,0.632384,0.57777,-0.557179,1.00989,0.0178215
1.3728,-0.840711,-0.920721,0.427528,0.99993,0.0723151
0.384103,-2.45991,0.871881,0.423162,0.155663,0.0499603
0.820221,2.36475,-0.864312,-0.482102,0.15922,-0.0258047
-0.432768,1.46594,0.881859,-0.990566,-0.491174,-0.0939682
-0.832911,-0.570301,0.137135,0.864794,-1.23844,-0.0331189
-1.84083,2.35,0.171663,-0.539761,-0.419321,-0.0616486
-0.224914,-2.59382,0.797327,0.436788,0.106131,0.115601
-2.00164,-1.31236,-0.919323,0.33043,-0.69676,0.0484301
0.41353,1.49421,-0.893219,-1.16864,0.197172,0.0246921
-2.30985,-1.91356,0.0309504,0.316895,-0.369117,0.00807717
2.06569,0.182951,-0.997275,-0.262366,0.916965,0.0133544
0.993261,0.84024,-0.71511,-0.461712,0.788809,-0.147793
1.56019,2.50021,-0.321024,-0.500411,0.375788,0.157723
-1.76198,2.31092,-0.423243,-0.431324,-0.342117,-0.0972315
1.11522,0.0836092,0.471902,-0.141142,1.23075,-0.12634
2.502,-1.17913,0.64293,0.107274,0.360225,0.105099
0.0741129,1.1227,0.484391,-0.912906,0.0831366,0.108804
-0.15555,1.1928,0.603847,-0.978609,-0.192927,-0.111497
-0.709955,0.704247,-0.000139026,-0.993496,-1.04509,-0.252335
1.8672,-0.729272,0.99999,0.261397,0.359349,-0.00409643
-0.918853,1.23476,0.887468,-1.00159,-1.06515,-0.114075
-2.65103,1.22451,0.391529,-0.108511,-0.628142,0.331589
-0.604708,1.92226,-0.999885,-0.801856,-0.314626,-0.0107421
1.79645,-0.270141,0.983047,-0.00305256,0.918472,0.00376965
-1.04309,1.18529,-0.907017,-0.622328,-0.609929,0.0312808
1.58612,0.918459,0.985931,-0.529298,0.735772,-0.007121
-1.38973,-2.12971,-0.839712,0.362473,-0.338779,0.0440401
-0.431951,-2.0283,0.997274,0.829122,-0.135017,0.00650865
-1.89413,1.96096,0.687306,-0.402437,-0.238896,-0.0805253
0.527012,2.12934,-0.981082,-0.874923,0.249722,-0.00823731
-1.79912,1.15366,0.990539,-0.575991,-0.791762,-0.00901659
-2.27859,0.917626,0.889763,-0.214383,-0.472108,0.0180652
1.09727,-0.0324141,-0.431202,0.142309,1.29869,-0.200077
1.84156,-2.27116,0.382492,0.369486,0.3803,0.0556291
-0.7735,-0.734722,-0.359425,1.14106,-1.10111,0.198718
1.03309,2.80943,0.115139,-0.619401,0.234174,0.175681
-0.418119,-1.01691,0.434889,1.31512,-0.445159,-0.148714
0.0643299,-1.13652,0.507478,1.26158,0.203283,-0.0962619
2.5445,1.30433,0.511421,-0.223091,0.393522,-0.00210978
-2.08577,1.97137,0.49311,-0.362414,-0.347491,-0.0285012
-0.532031,1.01487,-0.520055,-1.52307,-0.735017,-0.0600576
-2.71071,-1.28455,0.0258828,0.175534,-0.419225,-0.147631
-1.07875,-1.5463,-0.993412,0.621001,-0.484528,0.00554532
0.552466,1.20113,0.735144,-0.893942,0.500513,0.073791
-1.88473,0.363712,0.996755,-0.235714,-0.885624,0.0204704
2.94949,-0.145263,-0.302778,-0.00230181,0.449655,0.0110973
2.97532,0.297341,0.140101,-0.0526835,0.417177,-0.0541774
-0.896964,0.943298,-0.71578,-0.742007,-0.755511,-0.00386591
-1.51277,2.58337,0.112022,-0.555065,-0.295978,0.0532491
-1.04676,0.705787,0.675321,-0.537018,-0.942442,-0.110172
1.10091,-1.18432,0.923737,0.550118,0.855088,-0.0908973
-2.66193,1.08687,0.483636,-0.0467326,-0.819577,0.350191
1.63777,-1.47942,-0.978335,0.498868,0.663999,-0.0152632
-0.978593,-0.502806,-0.43632,0.578575,-1.10493,0.0251085
-2.56673,1.31559,0.467021,-0.114235,-0.596763,0.274008
-0.043262,2.98942,-0.142956,-0.395594,-0.0131908,-0.064458
1.23491,-2.47674,0.641006,0.539824,0.356171,0.0820036
-0.617632,-0.788041,0.0497521,1.17022,-0.875158,-0.264389
0.701049,2.8981,0.190526,-0.918423,0.16757,0.159269
0.800565,0.853272,0.557812,-0.701609,0.855449,0.285371
0.706175,0.710014,0.0529062,-1.12139,1.06873,-0.0951612
2.20339,-1.4164,-0.785093,0.157255,0.43909,-0.136064
-1.28158,0.890026,-0.898154,-0.646452,-0.817585,-0.0241974
0.598838,-1.26623,0.800523,0.825027,0.430779,-0.0423279
1.90064,-1.46738,0.916002,0.494769,0.506282,-0.0293272
0.438529,2.92724,0.280312,-0.658892,0.0590067,0.0664101
1.4946,0.310226,0.880771,-0.349367,1.21191,-0.0185773
1.239,2.64752,0.384576,-0.491959,0.246262,-0.0133938
0.352346,-2.42343,0.893576,0.431199,0.124639,0.0337973
1.40939,0.136919,-0.811768,0.20736,0.933356,-0.241705
-2.11554,-0.901812,0.954022,0.184671,-0.576574,-0.0402872
0.468102,1.21035,0.711896,-1.09326,0.466535,0.0255659
0.31337,-2.98259,0.0445199,0.33411,0.0220966,-0.173323
-2.82929,0.368704,-0.521557,-0.109863,-0.808238,0.140024
-2.42053,-0.771036,-0.84143,0.339049,-0.749001,-0.0825309
-0.761901,2.72387,0.560106,-0.597911,-0.159187,0.0143021
-1.54117,0.431224,-0.916675,-0.109122,-0.628908,0.0176862
0.960312,0.283665,0.0515829,-0.449859,1.4238,-0.00762878
0.890096,-2.2681,-0.899702,0.60302,0.17596,0.0076104
2.03344,-1.33574,0.901435,0.436968,0.454538,-0.0560004
0.0403408,-2.42485,0.905106,0.60577,0.0932681,0.0822992
-2.95741,0.0813672,-0.285003,-0.0688996,-0.759847,0.215587
1.25557,-1.87822,0.965812,0.636287,0.384074,-0.0240491
1.08195,0.0259797,0.397189,-0.0765005,1.36911,-0.105833
-1.2581,-2.15685,0.867773,0.632562,-0.238848,0.130552
0.168557,-1.53687,0.891047,1.10537,0.0941979,0.064369
-0.702172,1.34334,0.874952,-0.90245,-0.855586,-0.172792
0.757466,-0.956857,-0.626255,1.12454,0.892829,0.044527
1.0167,0.00121376,-0.182007,0.0632895,1.55202,-0.265189
-1.9996,-2.18702,-0.268253,0.493456,-0.415148,-0.149015
-0.742263,2.23541,-0.934706,-0.782747,-0.307657,0.00470278
-1.35318,-1.41633,-0.999153,0.392385,-0.374872,-0.0098773
-0.0146034,1.71062,0.957232,-0.709396,-0.23042,-0.0618289
0.418516,1.6207,0.945324,-0.644382,-0.00269534,-0.0297938
-0.726806,-0.737482,0.263846,1.09297,-1.03449,-0.104638
-1.73056,0.0333331,0.963107,0.0224034,-0.821596,-0.0198625
0.918662,2.20923,0.9197,-0.660405,-0.0342394,0.131935
1.75817,-1.52712,0.944405,0.522339,0.46445,-0.0124506
0.942362,-0.858711,0.688668,0.691071,0.947539,-0.14637
-1.41304,-0.45489,0.85686,0.222241,-0.927752,0.0503826
-0.798674,-2.82143,-0.361689,0.430733,-0.183817,0.0935435
-1.15394,0.363853,-0.613038,-0.316332,-1.27212,0.110981
0.852434,-2.54476,-0.729726,0.544034,0.272808,-0.0643334
1.41504,-2.43244,0.580743,0.62796,0.466876,0.0746682
0.26388,-2.95818,0.243404,0.407284,0.000427682,-0.111843
0.107678,2.49984,-0.864774,-0.864468,0.136142,0.0425516
1.06382,0.16499,0.383697,-0.301924,1.26439,-0.185767
-0.572452,-0.880526,-0.313014,1.51018,-0.948391,0.140139
-1.57638,0.983012,0.989832,-0.666968,-0.843048,0.00684216
0.855604,-0.670062,0.407416,0.753766,0.996704,-0.0866174
1.70128,-2.06051,0.740473,0.438027,0.552334,0.137987
-2.93144,-0.631163,-0.0525597,0.119626,-0.592765,0.218321
-0.752533,0.729767,-0.306929,-0.892101,-0.857993,-0.124787
-0.648348,-2.73763,0.581761,0.522772,-0.114549,0.0673302
-0.655495,-2.51165,-0.803152,0.783246,-0.093465,-0.0842769
-0.451953,-0.997335,0.425327,1.35401,-0.523797,-0.124607
0.734947,-1.12001,-0.75093,1.01335,0.700436,0.00161878
-2.25525,-1.1908,0.834949,0.0942817,-0.550672,-0.10432
-1.20145,-0.121523,0.609981,0.191347,-1.19958,-0.094324
-0.994442,-0.106046,0.012648,0.0985217,-1.09723,-0.0378764
0.766529,-0.642442,0.0172616,0.997591,1.14139,0.000652501
-1.62319,1.80081,-0.905478,-0.468659,-0.300706,0.0473149
0.546143,-0.83811,0.0264526,1.43961,0.984777,-0.106119
-1.67529,-0.0514846,0.946086,-0.0616687,-0.829189,-0.00647551
1.62361,0.964872,0.993784,-0.548009,0.70557,-0.00109932
-1.56153,0.518436,0.934995,-0.378717,-1.13977,-0.00570768
-0.259821,0.981255,0.172955,-1.40338,-0.409142,-0.0814842
-1.88106,-0.332989,0.995969,-0.0208877,-0.703941,0.0211442
1.80205,-2.37485,0.19322,0.374188,0.301269,-0.0840516
0.992229,2.09001,0.949562,-0.675581,-0.0202717,0.137033
-1.10465,0.173361,-0.471567,-0.224541,-1.35622,-0.033411
-1.62549,-0.927196,0.991689,0.499731,-0.508911,-0.0216697
0.187339,-1.49653,0.870711,1.214,0.0723122,0.0773988
1.81383,-0.705298,0.998548,0.251371,0.351874,-0.000131769
-2.67936,-0.881905,0.571264,0.162582,-0.565508,-0.0146379
2.13553,-1.1459,0.905876,0.341639,0.410134,-0.0533797
-1.02033,1.68734,0.999604,-0.717547,-0.519543,-0.00566788
0.22754,-2.52213,-0.846509,0.574684,-0.0657655,0.0909324
0.187753,-2.17171,0.983701,0.595059,-0.117615,-0.0249958
-2.34566,-0.783046,-0.881112,0.340331,-0.748775,-0.0694096
0.902125,1.7377,-0.999114,-0.654046,0.656702,-0.00429263
-2.25545,1.95832,-0.160811,-0.299719,-0.352242,-1.92954e-05
-0.513446,1.9563,-0.999746,-0.864631,-0.288924,-0.0214052
2.69031,-0.5681,0.661845,0.172701,0.480227,-0.0886074
-1.80123,-2.31079,-0.367875,0.473347,-0.345152,-0.0181188
2.14212,-1.37767,-0.837203,0.214362,0.458116,-0.0908624
-0.303733,1.01772,0.346833,-1.48578,-0.55401,-0.19933
-0.979363,0.468845,0.405269,-0.651866,-1.42717,0.040828
-2.71801,-1.2246,0.193268,0.180588,-0.510338,-0.185534
-1.3466,1.74216,0.979403,-0.644249,-0.532555,0.00666785
-1.71504,0.480789,-0.97576,-0.043307,-0.467685,0.0237307
-2.24675,-1.61746,0.639971,0.315482,-0.63481,-0.168082
2.95142,0.530138,-0.0518451,-0.145915,0.489398,-0.0565342
-1.59952,2.52706,0.135814,-0.598204,-0.361719,0.0404396
2.99839,0.0041767,-0.056685,-0.0118121,0.459204,-0.0688877
-1.70343,0.187652,0.958149,0.032566,-0.826256,-0.0362489
-0.801875,-0.646575,0.243421,1.01656,-1.13225,-0.255993
0.867924,0.573956,-0.281834,-1.0058,1.45516,-0.0480987
0.087091,1.75187,0.969278,-0.702614,-0.203839,-0.0584918
0.726875,-2.05982,0.982868,0.5614,0.391367,0.038121
1.58506,-2.48792,0.312416,0.565238,0.317649,-0.0933524
-1.86167,1.5853,-0.895433,-0.414374,-0.428493,0.0329665
1.17207,-2.74516,-0.173109,0.360929,0.158064,-0.0523679
-0.45898,2.6654,0.709579,-0.670646,-0.0266467,-0.0507012
-0.717941,-2.53698,-0.77119,0.784277,-0.111265,-0.0931556
-1.74238,-0.511635,-0.982917,-0.0710162,-0.65748,-0.0824305
-1.86133,0.735612,-0.999999,-0.119453,-0.419719,0.00185384
-0.686745,-1.03048,0.647987,0.860773,-0.336713,-0.178325
2.92489,0.246672,0.353915,-0.0566039,0.488636,0.00681798
0.85444,1.39321,-0.930752,-0.786864,0.632293,-0.0380997
-0.807992,2.85987,-0.235727,-0.608019,-0.127654,-0.00805433
-0.615951,-1.32106,-0.840122,0.978257,-0.397317,0.0389038
-0.570221,-2.02114,0.994984,0.816887,-0.209483,0.0208714
-0.432626,-0.930901,-0.22877,1.45635,-0.689031,0.120796
0.300657,-2.70507,0.692182,0.449529,0.194045,0.167929
1.57939,0.862489,-0.979702,-0.343883,0.824818,-0.0399285
1.2069,0.947012,-0.884834,-0.591946,0.87527,-0.0104673
0.648676,-0.832469,0.328111,1.14901,0.995384,-0.120366
-1.86505,2.34792,0.0544137,-0.503897,-0.40509,-0.163159
-2.6628,-1.21989,0.370262,0.207154,-0.483016,-0.0675971
-1.58511,-0.034892,-0.910048,0.227316,-1.11106,0.0842976
-1.15169,-1.176,-0.935251,0.259388,-0.726807,-0.160416
0.982418,0.515799,-0.455162,-0.673878,1.33238,0.0115246
0.265379,-2.12319,0.990192,0.673116,-0.0302309,-0.0197355
1.05761,1.03658,-0.854707,-0.587919,0.923848,-0.134026
-1.16533,-2.533,0.615412,0.680432,-0.174979,0.16946
-1.06592,0.752725,-0.718915,-0.548233,-0.70178,-0.0253187
-1.10017,0.0535341,-0.438911,-0.0864236,-1.49249,-0.046699
-0.654108,-1.2204,0.78825,1.05769,-0.320743,-0.15107
-1.51093,1.58879,0.981292,-0.52684,-0.617161,-0.00158039
1.76449,0.525129,-0.987275,-0.190054,0.880055,4.10567e-05
2.3592,-0.539629,0.907463,0.106886,0.537123,0.00395383
-2.52395,-0.362074,0.835306,0.123197,-0.451148,0.0281177
-0.0655297,-1.3266,-0.740747,0.775597,0.0272614,0.0534406
-1.43921,-0.286699,-0.846424,0.0846408,-1.27263,-0.0674574
1.18791,-2.53738,0.597749,0.530781,0.298646,0.0536288
-1.76656,-0.759405,0.997021,0.357829,-0.5256,-0.00245464
2.01777,1.96168,0.580626,-0.376321,0.308428,0.141269
-1.79461,-2.223,-0.515347,0.430085,-0.33042,-0.0309305
1.39913,2.65219,0.0526696,-0.501236,0.277204,0.0874775
0.628178,-1.25908,0.805265,0.800358,0.433827,-0.0330237
-1.07141,-2.31684,0.833458,0.530903,-0.189092,0.061961
0.949245,-0.377153,0.205894,0.449681,1.26407,-0.191596
-1.95157,-2.05431,-0.552498,0.435358,-0.485654,0.0198738
0.269716,1.71429,-0.964352,-0.955191,0.0772012,0.0181355
-1.27492,-0.478437,0.769817,0.164439,-0.983355,0.123223
0.325603,-2.36528,0.921832,0.476045,0.092024,0.0148212
-0.408208,-1.67197,-0.960315,1.05307,-0.301521,0.0231149
-0.566849,0.865351,-0.260331,-1.40299,-0.973412,0.143554
-1.01654,-1.50291,-0.982627,0.743139,-0.542092,-0.0122062
2.71904,-1.17118,0.278118,0.085763,0.333355,0.183036
-0.981418,-2.26052,0.885642,0.522879,-0.187193,0.0310035
-1.0585,1.1662,0.905166,-0.947071,-1.03551,-0.0510383
0.865522,-0.543509,0.20871,0.615501,1.0377,-0.111093
0.512527,-0.966172,-0.422627,1.39888,0.77999,0.0108857
0.659946,-0.848772,-0.380325,1.27432,1.0746,0.143349
0.811305,0.644484,-0.266391,-1.1795,1.43454,0.00378933
-0.275311,1.04955,-0.403575,-1.40621,-0.240077,-0.251145
0.282259,-1.09567,0.495592,1.33663,0.42634,-0.127513
-0.282529,1.79789,0.983658,-0.686517,-0.385803,-0.0396507
0.900467,0.449626,-0.113665,-0.676902,1.40139,-0.0713481
-1.10775,-2.48521,0.693022,0.623987,-0.173797,0.113387
0.607908,-1.90057,-0.99999,0.668023,0.0503343,-0.00607879
-1.85918,-2.29889,-0.291423,0.458403,-0.355208,-0.0274726
-1.6517,2.43555,0.333391,-0.640562,-0.370308,-0.0594958
-2.04826,-0.807592,-0.979442,0.17163,-0.65414,-0.0218758
2.14392,0.291668,0.986515,-0.0424143,0.667329,-0.0453926
-1.36986,-0.569044,0.856194,0.291533,-0.81362,0.0625428
1.85167,-2.33218,0.20917,0.359847,0.321634,-0.072401
2.62981,1.40414,-0.193021,-0.151487,0.32525,-0.0727465
-0.79893,0.719486,-0.380335,-0.850326,-0.811057,-0.177997
1.46382,2.47035,0.490437,-0.40301,0.223837,0.0270292
-1.14118,1.07153,0.900622,-0.83363,-0.949515,-0.0153828
