x,y,z
-0.14775599951084567,-0.17181984705377112,-0.9739846532502294
-0.09364411752419805,0.7493441484312551,0.6555258396622907
0.9670165608970116,0.25460267100356226,-0.0075133793174642395
0.9864102604899232,0.10280476990432025,-0.12816386887544243
0.37904176503368436,-0.902706310952862,0.20358943127290255
0.609458092499464,-0.37213150685110435,0.7000564085098009
-0.7122414208533244,-0.5642905443275458,-0.41747855035122444
-0.11373891408139208,-0.8779920426434145,-0.4649660551894409
-0.41760065195747,-0.11742154804432034,-0.9010115845756764
0.811593100195094,-0.35076930607053547,-0.4672018125334182
0.19994812576349627,-0.4553373523575179,-0.8675763035904742
0.39909691982116274,0.006867740536828841,-0.9168830256522252
0.6212890616171203,-0.7764520932748089,0.1054611244207343
0.7575137067845887,0.1622697456119906,-0.6323302251928908
-0.06684832108631432,-0.5201012911772523,-0.8514845558691573
0.24885639175910132,0.4934225303286148,0.8334294828266804
0.4644851637519174,-0.5391678954268287,-0.7025322150587536
-0.566191276536478,-0.15092741895538053,-0.8103384185520643
-0.10368578918961677,0.32108864626059885,0.9413561166544053
-0.8335526487311103,0.44008875656534224,0.33393392780327225
0.878178851277964,0.15793149099232845,0.4515080833396623
0.7045862603215549,0.6982687315178367,0.12640799164039107
-0.24470694069285356,-0.4492866815762282,-0.8592205717596414
-0.439271496095263,-0.5826837587146584,0.683754480825089
-0.7383813444839823,-0.6541528976559686,-0.16394199158948441
-0.7271667821990929,0.6519016763965585,-0.2150643512476525
0.6840020460695817,-0.01199211983035253,-0.7293815119912215
0.6291339106746636,-0.07612552511302333,-0.773560228337439
-0.393630102531596,-0.9181916010598045,0.04449186582059685
-0.5798885316104605,-0.8030109379574338,0.13748717913822547
-0.3769175348584089,-0.9254926114699122,0.037371085492158534
-0.7463084423454559,0.6259672018843482,0.22624935590842876
0.4331218353281787,0.4918812203278867,0.7552869261748802
-0.178181077966953,-0.9839617780028367,0.008409689889107824
-0.9580629360255278,-0.15392945254117074,-0.24170464260026284
-0.32278443281432406,0.8116543681991415,-0.48685459483914456
-0.9187198215669194,0.08198177441544512,-0.3863067150901505
0.7627540938611792,-0.6351505343973016,0.12161410671806845
0.7385590234838892,-0.324886578864268,0.590744682332728
-0.6223288068350965,0.7738474809147796,-0.11775794013592074
-0.35620434002512913,-0.1718182413810053,-0.9184753453827712
-0.3411036596859552,0.7033191588497903,-0.6236909925144595
-0.4763476309870068,-0.32067204189509335,-0.8186955331500826
-0.49469552624799146,0.8026074169363395,-0.33331317194044346
-0.7222031550061678,0.5851868032803712,0.36875331614188533
0.7588052069881155,-0.625538174302283,0.1814294638097397
0.1353028377426551,0.9362434087330681,0.3242551799164816
-0.7121603708120176,-0.6961186663927126,-0.09080973815908178
0.5401222267390237,0.3149334260027242,-0.7804389260977859
0.4531763289774108,-0.7928333188172888,-0.4074880899213142
0.23093494482863033,-0.9727222228695339,0.021920957842900653
0.06674303207820419,0.9977540869256565,-0.005670069854692677
0.6127439787651049,-0.6014207181654997,-0.5126772242341212
0.708575605936489,0.2731962585552613,0.6506031163337171
-0.5104684124228323,0.8494901737452903,-0.1333733280259199
0.4239050129623448,0.5856148925200485,0.6909122503213605
-0.8405439667621996,0.2711291467628184,-0.46901473933697707
0.13422101510628448,-0.44804277570002626,0.88387917174626
0.07648353670455098,0.6257246922108551,-0.7762853071975497
0.7980946946364457,0.2705697795287796,0.5383649810295112
-0.23219129252181261,0.15875466662581245,-0.9596270939805613
0.2700920258418197,0.8055700637907951,-0.5273586729169778
0.5651626089899372,0.3624254682812405,0.7411066086203866
-0.8350394838147575,-0.4613404557851898,-0.29979000037742554
-0.15116262583379564,0.47853506965058845,0.8649589861175722
-0.24113451615192802,-0.45194944786386626,0.8588340012457134
0.24943873601900196,0.75981444056124,0.6003851537870106
0.9141834922507586,-0.34798309121722865,-0.20778910155036856
-0.4616595622804748,0.5229198469536042,0.7165370068719548
0.7853377091007634,0.6130942268714489,-0.08579132614236118
-0.45730416536229446,-0.48154334117907127,-0.7476556098287446
0.6371735249064995,-0.3138648201841564,0.7039167378383566
-0.7208466881544657,0.2834292503357734,0.6324934088437917
0.6569743559264623,-0.1927031470529699,-0.7288691190953912
-0.6801713395567593,0.00044525512297924574,0.7330530339569157
-0.8910162521574907,0.45238440386374523,0.03792610620750263
-0.6358064986717769,-0.5986687445629567,0.4871815170243521
0.8855990245844708,-0.027293558322691418,-0.46364795840068124
0.7803350669565668,-0.2592846206815608,-0.5690770323567008
-0.6949458681864342,0.17822169389544484,0.6966256298153561
0.04755767976195824,-0.9785535477480739,0.20042759611719435
-0.7095225197130792,0.011490786393234557,-0.704589068782697
-0.9470543861645317,-0.17642180873696864,-0.2682598274965866
0.1551721615144426,-0.6784502378414476,0.718071636442924
-0.8579080644011371,0.5098725608227624,-0.06343283657170688
-0.09201073561624787,-0.9407795245705098,-0.32629420877521303
-0.22917280047923935,-0.9199440934856827,-0.31809227023193803
0.6922922144458028,-0.31489054866923083,0.6492884044679355
0.7472498455041898,0.6582274324720361,-0.09140194492042006
-0.05819194647144265,-0.43878268391981046,0.8967070054694524
0.8320808115555726,-0.40812545835251757,-0.3755996981968532
0.8410398552477629,-0.1718235283134786,0.5129606583381705
0.8996451696915726,0.08336681113521911,-0.4285890146186275
0.5529941373991459,-0.6381590621677395,0.5356776039516359
0.2611363906715656,-0.030998972109796134,-0.9648040470453902
0.6480637110510675,-0.17855924409170454,-0.7403580368768327
0.5206575204060805,0.7050438271693924,-0.48148618694094203
0.6624852493403506,-0.11506974088538321,0.740183929262872
0.7200845644081966,-0.5961970433528455,-0.3550032473068143
0.43898862285560347,-0.8978882769211528,-0.0329489175983676
-0.6134580074084395,0.07754505941056493,-0.7859109599105226
0.10954070168575263,0.9849958676908801,0.13335657203933723
0.1886707957190134,-0.558141258489514,-0.808010932113233
0.6183342909050269,-0.3222842963527318,-0.716795324353753
-0.08079290962481323,0.7944400386977885,0.6019447903821522
-0.8333066530959434,-0.20801984505491797,-0.5121794275147773
-0.4488985386893313,0.16881018286403354,-0.8774925778170403
0.8885117474096694,-0.4111856633873584,0.20364976047055344
0.6844275383707202,0.17807410240173027,-0.7069996879586401
-0.05046729137484261,-0.4444789334134626,-0.894366552512401
-0.5647532070623783,-0.4939579731743317,0.6611046330576309
0.9631273604099752,0.17349408751290885,-0.2056343580916792
-0.1311594725352709,-0.6697081960419032,0.730950152143475
0.868406194339441,0.08755142507518328,0.4880629361057788
0.040021504660706114,-0.8004425236862948,-0.5980719400201021
-0.5554118966355267,-0.044620454729337164,-0.8303774082280142
0.6800985339790727,-0.32471797285881926,-0.6572854951860532
0.9149784472464892,0.403357090684659,-0.010839671065646704
0.520365516026358,-0.8051567316680613,-0.2845037208548027
0.6830722146922553,0.30424339198837824,0.6639640863381269
-0.5574344633043089,0.8279385944479325,-0.061518313892848266
-0.900178994580595,0.42153013999133654,0.10949940088764547
0.9522687033642694,-0.20619487743934742,-0.2250955110851964
-0.7953602469767124,-0.3278800810277862,0.5098006767299896
-0.05154148952175599,0.9244190045281558,0.3778795825723481
0.048536785918575465,0.927145479405292,0.37154466815044696
0.6405585213768276,-0.5427989806962276,0.5431887768047758
0.14789850302285906,0.9679892376822528,-0.20278774256578855
0.45932867854990295,0.456765563156332,-0.7618283175204758
-0.18408768991967864,0.7495231969646772,0.6358668882965097
-0.8151950100972146,-0.4899019143090656,-0.30895502887785314
-0.8707055014052686,-0.30786413587057143,0.383525232112916
0.07825257816202275,-0.198697648517804,0.9769318187491345
-0.849705865735205,-0.33936521650932366,0.40352347088957
-0.13907749854370413,0.5648754851963129,0.8133714622625114
-0.19604612871946614,0.11946669552617384,-0.9732901027310239
0.40603901386751273,-0.8900017219119957,0.20743493970684038
-0.41518188479771256,-0.4231169408444091,-0.8053546156236318
0.6451251574343062,-0.1696311625343384,0.7450092616488808
-0.2664211143348097,0.2858457856173681,0.9204955060625706
-0.34358022284486905,-0.11790281242895939,-0.931692844928634
-0.5647478243357054,-0.37824720273273693,-0.7334772992621839
0.432201777346679,-0.608508009481866,0.6655220702987912
0.566300630847567,0.734572970595751,0.3737728539792337
-0.22338615514065735,0.14873389226521996,0.9633155531720186
0.724633571153256,-0.4601285900509787,0.5130183897048697
0.9463591021893616,0.26252117847436873,0.18838014904913453
0.43974200621702325,-0.8946881222651378,0.07848650741311744
-0.17039946230840433,0.10021977312226703,-0.980265280584969
0.39573134712980035,-0.7219373626439501,0.567629408432589
0.9708146020778079,0.06080021518117026,-0.2319964271846249
-0.4083909617593162,0.4629578820437968,-0.7866936009697947
0.876550057441106,0.4721080426317976,0.09366959422548136
-0.554649621068406,-0.7903954972111723,-0.2600745197765001
-0.14590396459864893,0.9663790180915066,0.21171590990497555
-0.07506377639013545,-0.24483075200073123,-0.9666557465555192
0.6965192769042149,-0.2567038637019796,-0.6700477768497595
0.6967662759517713,0.7128609575614681,0.07966185963713752
0.6441172622923607,-0.7326625361330233,0.21981483244795058
0.5114799584043437,0.2005198675998019,-0.8355716814543493
-0.7045087237031213,0.6551883382529752,0.27275575088988363
-0.6609313304761048,0.31215747311766834,0.6824422967342207
-0.9023002828338083,0.0633191193951439,-0.4264327481761375
0.9881834758838192,-0.14721891699296896,0.042661557280421813
0.09375344378404465,-0.5757419820737574,0.8122385498462956
-0.3303231241236815,0.8521244617595062,0.4059193704915336
-0.10068446102193813,0.8036264478203273,-0.5865553440830665
0.23481038833337867,-0.27276806671912535,0.9329853499970076
0.6969632435610353,-0.6438020426862162,-0.31584991207523927
-0.7595737507622257,-0.05117447210536148,0.6484048816578589
-0.5558943011605998,0.8258106111515474,-0.09496504855301342
0.8145317311930593,-0.026021115621994915,0.5795351244069893
-0.217280954671736,0.49404999377331854,0.841845348261498
0.2431704836080659,0.5404847649973916,0.8054466678232233
0.5784160490368813,-0.5424981456834912,0.6092049213085344
0.35700111502240084,-0.8644044315972664,-0.35405533819979257
-0.2786111464067121,-0.4912462408160559,0.8252593289275991
0.6961685739578518,-0.18616140235658832,-0.6933204518158392
0.7836226710343871,-0.39485403947907427,-0.4796100467546425
-0.010522773733036337,-0.9561444485266783,0.2927064481431483
0.5563001397193793,-0.6664493084773994,0.4963622404838984
0.007838868773073172,0.4372055801276531,-0.899327433608917
0.5598596178414542,0.6876497105434348,-0.46227165595562003
-0.4646049928905698,-0.8458918394712219,-0.26193357268045264
-0.15863644986598224,-0.7017933328630035,0.6944930487218395
0.04356162448773629,0.07587562153625314,-0.9961652849444598
-0.4958114778577064,0.38181771606779,0.7799911602840981
0.797681916791961,-0.5044279992291225,-0.33053888306341117
-0.9009675618447811,-0.36592332362740804,0.23314710748568546
-0.4321496999768703,-0.23172566121692664,0.8715215744566964
0.1653534132791628,0.4515250883091626,-0.8768029102052144
-0.9826137632933248,-0.16210703754288744,0.09050690893848135
-0.8224757827072594,-0.12198811404194602,-0.5555650159005426
0.7754317010914675,0.4848602835332732,0.40449497202613904
0.7670249516831675,-0.08740000425912954,0.6356366593824956
-0.7763982501305519,-0.373695569082173,-0.5075011121589469
0.6936300112639217,0.02794633709706818,0.7197891425388889
0.10836273937929237,-0.7563129251414155,-0.6451730589370973
0.9899029427217453,-0.13602832854042998,-0.0398554616749806
-0.5705699314446633,-0.3614414227972355,-0.7374347776024279
-0.3912934465828983,0.8358768848694342,-0.3849665855658735
0.3703151083591797,0.8941423595603003,-0.2517462241243502
-0.4306346856925293,-0.813656619859154,0.3905338300811757
0.31460373142097825,0.875699136021897,-0.3662997615976567
-0.881657762926081,-0.4681472373447837,0.05931065029676465
-0.7631200949346543,-0.5710135664791286,0.3026404262548383
0.79785597988409,-0.19195608269076703,0.5714706446364626
0.8184829383967783,0.39947485366538105,-0.4129231415680141
-0.4611905386177031,7.875012486401988e-05,-0.887301121879112
-0.03153676582955631,-0.8499641117696329,-0.525895846251585
0.4396123881270861,0.8934743697345741,0.09189395427668709
-0.4998188104110334,0.4238168385398632,0.755354515528553
0.8759136179571257,0.3653680212995712,0.315089737834945
-0.1474498193357026,-0.9655172593359579,0.2145576209372421
0.2987864413577803,0.18378904960691872,-0.9364551498632165
-0.7905019574689487,0.6124469274331319,-0.003926361607969965
0.6592353131824502,-0.671589155853956,-0.338196403872968
-0.9379122950975906,0.16490463692521312,-0.30516714670051537
0.3367624023729232,-0.20601354069117622,0.9187760910036256
0.07384261999982648,-0.7358875711688134,-0.673065190060239
0.4891941539328497,-0.2879662074351109,-0.8232645644829868
0.6412622818920057,0.6609249160677949,-0.3898216786473479
0.8578430634665836,0.4273804053721267,0.28539668457468764
0.8022693826402636,0.3795299999414854,-0.46078283043362894
0.6190605897041757,-0.6688161779884391,0.4116417208399252
-0.6129197309618617,-0.6870851862263375,0.3901837391101253
-0.992100433717836,0.021373827025428272,-0.12361184787539035
0.38400492517482065,0.635960494857656,0.6693985856138969
-0.4314833325284927,-0.8304295115409952,-0.3524329157611281
-0.4016973145440455,0.8820047757188537,0.24638758714114795
-0.24255064526164036,-0.9668308182927413,0.0800459448226461
-0.5000368796604459,0.12719835204077462,-0.8566117546575904
-0.9511279683755712,-0.04467354061059961,-0.3055484618568249
0.24468058678459473,-0.9613456731122251,0.12627710496819852
0.2552809351041289,0.16825243359841766,0.9521148894753046
-0.7247190992293278,-0.39108720270352854,0.5673032937448548
0.32525515692148543,0.9448549686094241,-0.03818600777855554
0.2838629485124904,-0.7422271420354695,-0.6070590548601135
-0.8857004858855683,0.062173858401513946,-0.4600750597821368
0.40209259068506625,-0.028608489090581102,-0.9151519561625413
0.40349354293113837,0.9003173025071776,0.16316162422296768
0.9618877664496942,-0.22761302834479719,-0.1515395462647593
0.29826300692762553,-0.9002754955195137,0.31708549456824003
-0.9911081821722498,0.11723910299314654,0.06292506623421847
0.38325705970388474,-0.9085232564767178,-0.16643172362285127
-0.7626028795924166,-0.5751970094566087,-0.2959480500857005
-0.2216772013271207,-0.3267224155851172,-0.9187555069581903
0.22165852703882805,-0.13356171733291794,0.9659341411576976
0.4836844808261102,0.21028539695050247,-0.8496054230272696
0.16036452141173163,-0.27120747160959235,-0.9490678203455843
-0.6056369630727962,0.5558724268899247,-0.5693941639878879
-0.31351848486318007,0.6101347156107468,-0.727627506665113
0.807661760970384,-0.030326515837528874,0.5888656742444531
0.13967977691650238,-0.7035922094405052,-0.6967406710786909
-0.9434737292519872,0.0859848705386136,-0.3200998660571507
-0.20217979776277475,0.10683994999962243,-0.9735032380329722
0.36269448268557314,-0.3513476944204588,0.8631381754127623
0.7982477879484292,0.48445258542496106,-0.3579192108709874
-0.18799908918724187,-0.7031315089449839,0.6857568254078974
0.09320513518638594,-0.3711840677846123,0.9238696826921835
0.2709121244903871,-0.8483330323094653,0.45490404163596165
-0.385244176727175,0.7890558174641304,-0.47851629149258235
0.28883083181309693,-0.9572512608117569,-0.015709050526883157
0.12735849510230335,0.8149916191031921,0.5653038780309525
-0.5951508734982534,0.6985372251568897,0.3972923141018196
-0.6561329929712152,0.37453521277362967,0.6551433964616047
-0.9624943514034953,-0.25623655293395764,0.08914848544360106
0.7212532589837223,0.6168998734718,0.31500521029950745
-0.8020771137343599,0.530858937166579,-0.27360755189491553
0.7868147634881432,0.0014865243407431485,-0.6171874255058035
-0.03243695659300187,-0.9183316144382253,0.39448053154784013
0.06404035699721039,-0.08599398427260797,-0.9942353178923953
0.5289685929439035,0.630744538103046,0.56776188259879
-0.048523799772820855,-0.1623854813047554,-0.985533559203861
0.4200867447551289,-0.8769021077859659,0.233601841263226
0.97553986393942,-0.11186979448312724,0.1892277013213467
0.3414864852998062,-0.5107887819650789,-0.7889751584024788
-0.8732073037393391,0.45111412551990887,0.1844045835999791
0.8498051994687142,-0.10904444415548765,0.5156941265466958
0.9841103768146626,-0.16231168171334748,0.0719839164333803
-0.9381605509393188,-0.02167831324207287,0.34552110123147667
0.019677636845219948,-0.9085357757812293,0.41734342541100067
0.6930827163658042,-0.41674975604178943,-0.5881802352290556
-0.515683614256064,0.07787063509828493,0.853233012826621
0.6153417425611863,-0.7087924468182188,-0.34491710191755515
-0.29540066968898415,-0.9405925656372699,0.16740391218605907
-0.16578407963542402,0.585371982960115,-0.7936342233704254
0.013249088856721342,-0.11896511202025523,0.9928100340782595
-0.8590066929727139,-0.4087414538034829,0.3082822170847629
0.8287062689999615,0.5544407709417225,-0.07642873306363171
-0.769197767358499,0.6251779836912671,0.13223949258229273
0.2909711013861084,0.14536948735032268,-0.9456233554146489
-0.8447029802989469,0.12744612003648959,-0.519840707872827
-0.2829991726740365,0.13635492841907007,0.9493781131675836
-0.48430115042159694,0.2516228265954438,-0.837936959941759
-0.5974347997848214,-0.3599425824981672,-0.7165982119086124
0.7095896662095253,0.6892904766566514,0.14615452233544005
0.7651226556420382,-0.3381485176184467,0.5479442506822405
-0.2852394128899825,-0.6485064443305731,0.7057463205684429
0.3091701655366959,-0.6184418480677559,0.7224565656844366
0.6805896611263029,-0.5156892770186081,0.5204443128097467
-0.8248885291725304,-0.476157802128996,-0.3046845285065577
0.9552660981358778,0.24666727197256455,0.16316230780994803
-0.1868221405280663,-0.7569102579569893,0.6262462368813049
-0.627542870861548,-0.29062112873169327,-0.7223083169710585
0.2512411454467249,-0.48584250588225086,-0.8371588536906677
-0.9762868310991966,-0.20000819835573164,-0.08282960830997015
0.3580766143922118,-0.8531693772524177,-0.3793193271428878
0.12197489927692767,-0.0022915537158201735,-0.9925305399472355
-0.5902658901519124,0.806503977676334,0.03372703537848809
0.46049946804634195,0.850530222154584,-0.25404444715582736
-0.4993523234785164,0.4043252907796395,0.7662690886839734
0.018077944014938424,-0.9432299964102884,-0.331647948602189
-0.877496512118938,0.3523526238191024,0.3253421271629185
-0.8418244337389015,-0.5222958541221663,0.13615676085664838
0.6381967381400869,0.6573971821153545,-0.40066677972368087
-0.14914442177199322,-0.986691454254311,-0.06477588714800063
-0.1811890129309021,0.9471615478237795,-0.26468007842901153
0.31027738910362546,0.7926434363187911,-0.5248279000508413
0.36941946161852746,-0.4300663742544612,-0.823754924181397
-0.40863027332135454,-0.1750430591561839,-0.8957573483743015
-0.8281776194630395,0.08091722386969612,-0.5545937553757296
0.44475344288706853,-0.32818150833225324,-0.8333614297703406
0.6134270718673758,0.36806673338082485,-0.6987375095689269
-0.2194737248017762,-0.6237715246168349,-0.7501602290169904
-0.45524564986818133,0.853544786919259,-0.2534022395304625
0.3848135211291966,0.7600702762075148,-0.5236522979821455
-0.06030556331798993,-0.1179870836730681,-0.9911822673551138
-0.23227999752585157,0.2708535465074261,-0.934175764561327
-0.09549916362967643,0.17398197049000705,0.980107230710215
0.8070336135808197,-0.2981466241310731,-0.5097110329097544
0.12396141596636076,0.3758675308949801,-0.918344797214274
-0.9648926279931528,-0.07394827878002076,0.25201957961622634
0.9833521416791747,0.14950376032937818,0.10328209478102249
0.5048833175302889,0.8340724768016088,-0.22229696156636775
0.6575806478894684,-0.5914496708053195,0.4666636673510659
0.11863335140607635,-0.4712853731315824,0.8739658031103892
-0.9165616605281581,-0.3419733726846437,-0.20728949521033416
0.16677786626163701,0.9539447287908778,-0.2493483461691978
-0.9345168154719882,-0.3547867700049615,0.02836669578115565
0.8448753597286691,0.06460541814426374,-0.5310478005507195
-0.17470481908947041,-0.7377710911497153,-0.6520521783190928
-0.20218994707000196,-0.953704126347059,-0.2226379677692525
-0.5683451829097079,-0.7427252579424335,0.35403805484393375
-0.1845955657660175,-0.15534440638800662,-0.9704599901610997
0.617863302308165,0.30856596061144037,-0.7232095046477114
0.017783522877308604,0.7873762051878578,0.6162162427411668
-0.8409622421601659,-0.4243603360189898,-0.33570941672046783
-0.7814853472860411,0.6126034306348793,0.11831182845173217
0.4573077035879817,-0.022939259306022555,-0.8890126290562906
0.8828127991725317,-0.45861723074113114,0.10154702006703717
0.18968636468208222,0.26813028399723177,-0.9445238132822592
-0.6845911743217594,-0.43421703255774036,-0.5854831275771358
-0.32973970914978223,-0.9383031225568064,-0.10420640292210394
0.6532645400045652,0.7556304241897892,0.04762460300499209
-0.2537562683630366,0.611582001320594,-0.749383221007225
-0.21179714473766198,-0.9738737089596811,-0.08192660421431033
0.6731067017113728,-0.4819163719819919,0.5609670030643081
-0.49673578436067073,0.7641071384104066,0.411574831064594
0.06699110923435257,0.9627832741718899,-0.26184071161377204
0.4359270147524729,-0.8999489895986733,-0.007710637413626064
-0.6899221868406131,-0.40791751151128786,0.5980055851808614
-0.8712029403921756,0.1290857362563914,-0.47364787484709836
-0.02682734399308063,0.6939128741545922,-0.7195590432318878
0.31110105096991886,0.15279082962031382,0.938014444701865
0.6617261812253415,0.07470296652315268,0.7460146968214281
-0.5812922332972662,-0.3194262962783866,0.7483756949247811
0.36125238607528665,0.9313497146471145,-0.045655477017006695
0.3649805544118394,-0.056554991803817165,-0.9292958236230788
0.682173880152125,0.5463641018850235,0.48592701654627724
-0.777768491948636,0.24147430831134373,0.580315716965776
-0.28942414944871747,0.22549292595731146,0.9302615772238993
0.04120202237737545,0.36919322459596976,-0.9284388812756842
-0.006098965468023146,-0.7801014474759742,0.6256233165940266
-0.5853974150367754,-0.7421391070097987,-0.32640375658830867
-0.1430612793488935,-0.9319468544001562,0.33317942752323715
0.5193026276577469,0.2975408842517832,0.8011205921123401
-0.5221570439315857,0.6932371583964636,-0.496763790640003
-0.1603463023158883,-0.020085612160761112,0.9868564391631385
-0.34191578793191546,0.1695826224815624,-0.9243026171742528
0.6167133738608762,0.16089839956234875,-0.7705688285412342
0.3442236626457965,0.9380920377669065,-0.03864451776184766
0.8459205024815353,-0.3044021406325986,0.43790163308633434
0.2725130791098069,0.4451385453483434,0.8529878646025704
0.43035311504579626,-0.5765469306450897,0.6945428951001555
0.14815259386017793,-0.304170331347615,0.9410266831819294
-0.7703160642607667,0.6267837940321264,-0.11728272115062582
-0.9609738633321762,0.203523981135485,-0.18736921597529002
0.4411595405278468,-0.8794162744430604,0.1789001845889125
-0.38954761794207954,-0.8371827842548789,0.38389795402281146
0.3076772571065632,-0.5060452595178468,0.805762310348962
0.046897582550588984,-0.9817980307528684,0.1840468515370486
-0.21054861690118212,-0.5444532813469564,0.8119358991641712
0.8419583735104056,-0.5125090685353051,-0.16864326830557597
0.3709666968678539,-0.7535529899937013,0.542716870095731
0.03786633440074772,0.07925512534272006,0.9961349134660227
-0.006010910441435439,-0.5387244400772411,-0.8424605905436338
0.7783848854130289,0.47150462008922517,0.41448807388761044
-0.5284494955906262,0.26568711551969065,0.8063197177651302
-0.4896000085709681,0.3712136004483943,0.7889818086936149
0.19730191834365404,0.6366129796293872,0.7455171810128238
0.8293743033874756,-0.34106741587944583,-0.44250568663674467
0.8132019673697377,0.5509850075308241,-0.1873981903387702
0.9993951527236675,0.030775034632130674,0.016193392350847303
-0.15170063466243683,0.307598299618864,0.939345625163921
0.8817715468555641,-0.051335232824193534,-0.46887485859963896
-0.0873219666702701,0.9430476555272765,0.3209922016830679
0.4148894636553874,-0.7469443912402698,0.5195582829119827
0.32868878889251996,0.6266153989263398,-0.7066235361808666
-0.5753056691621764,-0.34699463474693293,0.7406875930422374
0.9659964807635534,-0.25834362471992617,0.010458045658715739
-0.08539478053470563,-0.39985500353855796,0.9125917529775345
0.6218555936851783,-0.07654298336515634,0.7793823145927907
-0.39822885855180584,-0.2015123868216009,0.8948779437297509
0.7688003290264923,-0.08079746402220472,-0.634364109874083
0.3864086895182768,-0.6346088027772212,0.6692981339451276
0.12148559992719696,-0.6772663667572557,0.7256386962323298
0.341665781447513,-0.2881543604139318,0.8945566266940836
-0.6466636411967187,-0.70169000625159,0.2990940826576901
-0.5978552461392851,0.7572541387425552,-0.26293587435153426
-0.9692755704873555,-0.1740802388817992,0.1737841732933911
0.10728626644796523,0.7213258731872374,-0.6842358085501853
0.021228499800435792,-0.12143503386742574,0.9923723511595031
0.4311718522587278,0.7852158551594715,0.4444399786539884
-0.8378695943392488,-0.4415952277027122,-0.3208865808225274
-0.5322227785231689,-0.1221261741781429,0.8377494324687351
-0.4266139982579602,-0.7984741459451907,0.4247817495461115
0.06206630742553572,-0.9406158100777554,-0.33375091208014224
0.3951353869875763,0.32616531366696183,0.8587690109166206
-0.6622791029866808,-0.6617879419088306,-0.35131625309858916
-0.7998726041470129,0.4801538137168158,-0.36007795309942725
-0.25590171896483205,-0.22333576427627191,-0.9405506082215765
-0.3156800201061139,-0.8595870390999257,0.40181618573326056
-0.533363737658442,-0.31760363451453966,-0.7839968460996328
-0.046187872994118265,-0.42787815622190933,-0.9026555067224808
-0.9425273515492302,-0.1192208596573823,0.3121355125648936
-0.3406196663306936,0.0809434594169455,0.9367104137813267
-0.11222878731590638,0.477111597222041,-0.8716474190255106
0.11159522572206418,0.8470331374976204,0.5196935342843692
-0.2830189667417593,-0.7908221988278686,-0.5426790159067162
-0.23129563057622346,-0.6515712310087561,0.7224660976115636
0.07357866543761,0.20633319696909638,-0.9757114285591475
0.7787358383190104,-0.1392543418013576,-0.611701497796972
-0.148024248122492,-0.2739282891116847,0.9502905420933727
-0.969613185678966,-0.19265351119273705,0.15078094966737945
0.3666247896032031,-0.56838634139031,-0.7365617629020292
-0.13657924129263266,0.011595264547721989,-0.9905612856799912
-0.972100368765996,0.14805512822415393,-0.18193557115513137
-0.051517335439434216,0.9900234329663246,-0.13114711711202165
0.5549701311929078,0.8292791461321922,0.06560679289516363
-0.22265526049128118,-0.9053579924572065,0.3615958247400219
0.4023985099360205,-0.5992850900679866,-0.6920497236640412
-0.4083120657879421,-0.8374442316149238,-0.3632745736586489
-0.3042573053176623,0.3288471248138812,-0.8940285569613974
-0.104938495108496,-0.054069942734065686,0.993007730854649
-0.9109185128836297,-0.38344799200430213,-0.15229937725987366
0.8608979622449938,-0.3625285631926244,0.3569702221081033
-0.6873485618893124,0.5857511464000724,-0.4294735718990111
0.3564101000585678,0.6007825316986553,-0.7155642460198777
0.5654549136338191,-0.5518844647608317,-0.6129308918654863
0.19303077466642488,-0.15025813630066873,-0.9696193131879798
0.8841197395126972,0.2766531395589344,0.3765572022630629
0.0645712225133771,0.19143450148097027,0.9793790833307909
-0.37802366906530127,-0.4358198335396948,-0.8167981258057834
0.1795000834801911,-0.7207792062204251,-0.6695200190516026
-0.6248708074454237,-0.49543170570301587,0.6033936517620189
0.34521472790554397,0.8980083487724596,0.2727779264751126
0.328766577531579,0.2996895958281392,0.8955996224041962
-0.9620208553458647,-0.03611887376834218,-0.2705758689116927
0.39592646878333493,-0.9069410877738185,-0.14387527454153345
0.18575914414575898,0.884871750840194,-0.4271949495619592
0.7065708730514019,0.3607581983490994,0.608778386343743
-0.7408431863701936,-0.2461039604003516,-0.6249673702555364
0.34700160375640865,0.9065310694467273,-0.24039822611295014
0.8640361274290242,0.3896288401929036,0.31879607492468853
0.08193758161755219,-0.5565433048924135,0.826768276180271
0.3375790099016696,-0.7032715953710074,0.6256592325045052
-0.4476974944012695,0.3324798228683454,-0.830074768254197
-0.18739985193580752,0.6592918794351741,0.7281589889613898
-0.13782311248526188,0.8009508197559326,0.5826513314128565
-0.6410141716192267,0.7652940106873297,-0.05853126505909372
-0.8803645898293878,-0.46194209755540794,0.10755318442818783
-0.9783897588945385,-0.17278464683895767,-0.11357352467465072
-0.2813577668984997,0.36108564194657994,-0.889075343368556
-0.6063974646346005,-0.7092868015234451,-0.3594361529804278
-0.2533647156543488,-0.5032405201121538,0.8261690503635681
-0.9153535846596713,-0.3510124891843198,0.19727657612427718
-0.45203503449327226,0.3870828858149611,-0.8036362156472466
-0.7081867717284244,-0.6984889612656753,0.1028818124785447
-0.8140188087198794,-0.5303486035270858,0.23686227598994777
-0.4207021200708873,0.6599483216551099,0.6224772597552977
-0.3236843432928285,0.9319890017883313,0.16317152463797108
-0.7691024921717127,-0.22737467946864737,-0.5973124070968144
-0.2599511935557178,-0.22157262437133854,0.9398568769223086
-0.7007178199977245,-0.5856300498431198,-0.40747022156027746
-0.6615145488148564,0.5993687445922613,0.4507278665804608
-0.8488138554685579,-0.3722252882193031,0.37545089369271567
0.5301773155973734,-0.047530954015752795,0.8465534964999646
-0.7627204456308919,0.3705409728912057,0.5300536852295743
0.5376282988310783,-0.8127208062904273,-0.22459007840650178
0.3729878590714482,0.20911015960525509,-0.9039651531641926
0.6726149914076375,-0.6706884775719626,0.3126756136731913
0.2023636752357379,-0.07762253430150108,-0.9762293199416299
-0.03319165138732337,0.44443863269963524,-0.8951941778420262
0.29996163690158717,0.022851769485200547,-0.9536775204536991
-0.9836136945078271,0.10541266553279117,0.14626096513401915
0.33572026286983236,0.7461897315837204,0.5748850229199105
0.5030442187509491,-0.09062749790129263,-0.8594958816686666
0.7463299243577043,-0.5589066216503543,-0.3614070174797539
0.9408798321166594,-0.23739160353571515,-0.24164099008005382
-0.47789512357624186,-0.3652869193246872,0.7988627650806663
-0.9518779839498758,-0.09094675066542182,0.2926721582503562
0.48755236611590685,-0.8520582144512315,-0.19049800387657595
-0.3088005498274583,-0.43849361518154173,0.8440175175144657
0.008403643075829,0.9272847581135061,0.37426241616468864
0.8598966661453308,-0.37669926919250374,0.34449293772438805
-0.8413511504665931,0.33495374167785874,0.42418655394123744
0.14695143226107701,-0.9855998111652058,0.08365577557783309
-0.9978677436911806,-0.005880859504138738,-0.06500293525807048
0.13300815627617293,0.29885697934812616,0.944983246549338
-0.2816270050238239,0.9487095180584977,0.14365403017849576
-0.8768312904358905,-0.4426865117475699,-0.18760474522063603
0.3627529337572853,0.45572857845467746,-0.8128479389345595
0.7852171612498967,0.0679468259181773,-0.6154813063987392
-0.23456817883360978,0.10345278222118294,0.9665791697162629
0.029385838054392727,-0.38269048400135963,0.9234091541546716
-0.0821015535401994,-0.07161321768280823,-0.9940477261979932
-0.24063824213562676,0.47860788863028697,-0.8444096904718315
-0.1908520495607617,-0.9140942521584102,0.3577809292701517
-0.8218917414759197,0.08022125979892063,-0.5639667674339987
0.9449137491727977,-0.0029605153376048954,0.327306037177964
0.1326054711384283,-0.803494055842886,-0.5803560038883931
0.4747872721620167,-0.8555765845386117,-0.2063146969612075
-0.05620856450190092,0.9357233185272672,-0.348227610107174
0.49652051608475867,0.7045461066438351,-0.5070327018249796
0.26150433558588043,0.7930092676496463,0.5502288468369856
-0.8377547383412038,0.3797511564387758,-0.3923723455727652
-0.5571610929633574,-0.0426137898741439,0.8293103046510633
0.26689376964758343,0.7356553375935764,-0.6225583827990624
0.11470656052970028,-0.602448574337488,0.7898722176720576
0.4882964984182012,-0.5303638352472597,-0.693022894206491
-0.36785248937906956,0.8355417410999127,-0.40811094684821664
-0.25290584339970457,-0.01282542394953448,0.9674058832128316
-0.35214344367278166,-0.23729898167803096,-0.9053641192210149
-0.12715708565037465,-0.725298853589881,0.6765889805118819
0.4443989999207931,0.5916705952044339,-0.6726332103307343
-0.19261395268259893,0.9805311188585658,0.038191493581093
-0.0484043384291757,-0.39732623071299383,0.9163999598475758
-0.5888889347157527,-0.26898350311040914,-0.762140208638672
0.7839220458357028,-0.5699607393707932,-0.2461929763999473
-0.9466855957698566,0.3217432757539127,0.01635992875942317
-0.7931987664651723,0.527386731018853,0.30446502725826646
-0.32845844825242954,0.885913771630041,-0.32752379609402665
0.10095845026240902,0.8586586306057902,-0.5025064650398061
-0.3378107075351499,-0.46969597478132524,0.8156406176428574
-0.016486320249197023,0.17815795082891106,-0.9838637841698841
0.17601563023473274,-0.20667739617361452,0.9624463371139009
-0.09221467618939279,0.7067854261594175,-0.7013920550333715
-0.39042739557051764,-0.7471193774592708,-0.5379396663315451
-0.8061297156277054,-0.36816133025107906,0.46326247040932494
-0.596456049804916,-0.6229609189967906,0.5061223903897056
0.7914888609939603,-0.6106286874949864,0.02603822057348623
0.1399202632527729,0.25447027390947147,-0.9569050107652867
0.48985488995552895,0.6725868006602288,-0.5546793509445743
0.5850451460192483,0.5627026561019015,-0.584027309237489
0.5498197310591797,0.2864381908877349,0.7846345812790645
-0.9736426500987195,-0.21270089035654802,-0.08233056024511187
0.4267558563160995,0.7292299333993337,0.5348861031418893
0.20493794786303246,-0.5457938221962754,0.8124712556011255
0.9670580709292319,0.1383180226119675,-0.21369794587535934
-0.37409808551552926,0.3759503108596649,0.8477688282651923
-0.9194447782754016,0.1562812582670323,0.3608288625048867
0.2041194424003396,0.9562179822345104,0.20971986955349814
-0.6143854230471608,0.7828162052021316,-0.09863742099272173
0.1689808857165195,0.9787957628207384,-0.11577700525851128
-0.18593588051895918,0.9173358167247764,-0.35202677126821885
0.8038932345067741,-0.3977700895178039,-0.4421929707709465
-0.8672360675852372,0.4970098963743019,-0.029711378044440698
-0.7407295602461084,0.645920568005694,-0.1846790145219771
-0.6737318384160766,-0.5657852160725915,-0.47536564787349184
-0.2684717940509068,-0.44842502993868244,-0.852547880370117
-0.1723791746762105,-0.2726722143219678,0.9465385801300987
0.8523486640419413,0.502336835245455,0.14546291232303304
-0.8223080336445832,-0.4649539971291042,-0.32806596647206193
-0.06471368702050587,-0.7297770234585736,0.6806156292241285
0.2823238979503124,-0.9589693252693543,-0.02590462967465264
-0.6291320610152686,-0.3911788130429169,0.6716933720299874
0.5059418815555736,0.5426758809936496,-0.670466778204388
0.6099939909408327,0.35426310779936504,-0.7088053198646374
-0.37585918931194573,0.7605156848883953,-0.5294768765947215
0.6228964183752715,-0.304868451952802,0.7204549111354304
-0.8359451824594794,0.14525976010191227,0.5292402611460342
0.7436656210830849,-0.5733076333549646,-0.3439183065148456
-0.4822794212573531,0.12487876753306255,0.867070846731163
0.022289324358547472,-0.692879910004518,0.7207084128354342
-0.9703737037218476,0.09094505703045909,-0.22383894148889788
-0.2514102826242967,-0.9470517421770713,0.1997144647494147
-0.10013948909199324,0.22298136977696112,0.9696656080612454
0.7013790097558151,-0.5812320112410043,0.41259766575041257
-0.07849331209785353,0.7927141667336998,-0.6045188581141244
0.9796129167328552,0.0380380338099312,0.19726033902947257
-0.11218947039236153,-0.6124572685085946,0.7825021514245649
-0.44405417699230815,-0.8936641751400545,0.06465469794941285
-0.5509855827498931,-0.8319600080863804,-0.06524900418144686
-0.3338538964831868,-0.8047786859857153,0.49078798109377025
-0.8530453208520317,-0.5136788380236355,-0.09191154410160879
0.7219090231454038,0.6387006553885459,0.2662871290684002
-0.08121422752719047,-0.14599314734161034,-0.9859463728704785
0.8499872071876271,0.03526046064065823,0.5256219625670017
0.15851639423534647,0.35310119235766607,0.9220586210833988
-0.6358218715221116,0.3449900011612052,0.6904436593907652
-0.5586236188521264,0.5354579676961119,0.6334227792646108
0.7323801873098355,0.6788437343778541,-0.05282466783558313
-0.7909872092297047,0.39084885391156543,0.47071903321516445
-0.7130557784605119,-0.7007719719364107,-0.021681793109138536
-0.45555645366371494,0.4416679289567456,-0.7729151040420924
-0.0928270749916678,-0.34788766509541774,-0.9329294221016666
0.1139384695643235,0.9459599248676825,-0.30360804616753523
0.4574864780516243,0.58088369069827,0.6732609154560194
-0.006900109050586192,-0.9981943101677839,-0.05966998947336737
-0.30708726045260903,-0.5481670565609952,-0.7779526287435284
-0.32527629948961007,0.15463729879887847,-0.932889401167433
0.6519276242843884,0.7562314466307322,0.055716889914128924
-0.44604037876441593,-0.7401730548050851,-0.5031817061978752
-0.0002671170072750122,-0.9607439572221074,0.27743643832364573
0.4698311569410692,0.7825290162763482,-0.40854255916977267
-0.3698242034481898,-0.9222274115194907,-0.11281249924530369
-0.42930355843290724,0.5489036713801636,-0.7172190838664436
0.8457076511747206,-0.49929975223473744,-0.18835691164081778
0.009582431259554106,-0.9904890549966194,0.13725745496350972
-0.1482793133633696,0.9870659824889921,0.06094252572324325
0.5604048772656548,-0.2299590585792888,-0.7956539479661956
0.6851875420770697,0.10955047353990713,0.7200810551108576
0.3598965234045786,0.8291551509760955,0.4277572068955776
0.03619954904123079,0.7109231996972879,-0.7023373810223842
-0.07038104465964487,-0.622442386705479,-0.7794946977273187
-0.7469128513343872,-0.12392508007561771,-0.6532715875038401
-0.9592138999009603,0.21836564884324514,-0.1795136140855595
0.14767720388070235,0.8471999947749507,-0.5103367636250606
0.03412028700833176,-0.8392346721805752,-0.542697863478779
0.7167288650600916,0.6489403136721873,0.2552963048708623
0.01083372625745539,0.6484481403917539,-0.7611817388757134
0.28395716847816194,-0.7680596596087668,-0.5739796910619138
-0.5331458371822919,0.16935851298195972,0.8288987938076231
0.46090578352765876,-0.4504960502427084,-0.7646039284665455
-0.6681246536063026,-0.4961764678763272,-0.5544532080971578
0.14180869541116395,-0.5589425103626322,0.8169905531983235
0.3169630841075427,0.7639031051765716,0.562126719890299
-0.40201280680316953,0.9097698281454991,-0.10346285788797087
-0.24559400862302505,0.2403843929559324,0.9390947377936272
-0.9375584928691777,0.03418676920895031,-0.3461435211872817
-0.9676200203967963,0.16908332443027949,0.18740951290398367
0.35400037762379644,-0.7229937635692657,-0.5932653289061803
0.46254552496419465,0.8828377733135653,-0.08154203422985816
0.5122869315068335,-0.6914340970958269,-0.5093927651435496
0.6879031406378844,-0.576060872167269,0.4415236580959399
0.6896442308865657,0.3542289712804955,-0.6315953377839636
0.6345143334231844,0.037480756951486255,0.7720017833780408
-0.16138676994654458,0.5862678508615792,0.7938792839798543
-0.6847227758186705,0.4926012330966634,0.537120792212349
0.624861282778781,-0.11737101334707559,0.7718629557829142
0.8276629869591713,0.3984535314065787,-0.3952325433557429
0.08661596457913208,-0.43465899769463373,-0.8964202309202548
-0.5702970234393249,0.0887659039061671,0.8166283851054696
0.6769808257250084,0.71976429308547,0.15374109405054798
-0.27318414010108005,0.30565886766861694,-0.9121091394196049
-0.6111291141874535,0.5674093021299985,0.5518766978672014
0.03771417673223761,0.9333542358683847,-0.3569699024567101
-0.1176269443777506,0.41100019386487724,0.9040147911397174
-0.21564856773238225,0.1186970634110219,0.9692299532993045
0.9513176448378708,-0.22990012322209794,0.2052819328693857
-0.5592894697231381,0.14787712376375686,0.8156761890138571
0.9116058880502063,-0.29534398110491183,-0.2859136892443179
0.8763030980846609,0.17020188328030153,-0.4506930210410005
0.8122487561590486,0.358239189348688,0.46034404670080553
0.9779201108662842,0.1726752730184397,0.11770941700340631
-0.1564186403281859,-0.26810868381167696,-0.9506055662695501
0.17723085305108818,0.9365135025410417,-0.3025420372197786
-0.16413173503857476,-0.08548259342956542,-0.9827275816693977
0.25988587444511435,-0.8869122712735366,-0.38189783362610874
-0.49068187279730974,0.8689392649395216,-0.06462084458198333
0.026100226996108,0.9607754164545842,-0.27609668105080853
-0.1537188092611327,-0.9869340931190043,0.04828688764776961
-0.33439845859146056,0.05103155596912846,-0.9410491226216753
0.26059113232345005,0.35495503763165653,0.8978302640334037
0.6960657072841187,0.4262195175262248,-0.5777797625590323
-0.04471234802782365,-0.5533422396284657,-0.8317530713960678
0.6248677532239412,-0.7513634057060298,0.2121162972208874
0.7253856262093413,-0.5973167392582821,0.3420941482848475
-0.9317529569171566,-0.059144091615802065,-0.35824349778199305
0.3172000284524625,0.45713366169338454,0.8309109201933473
0.11013750108723469,0.7144691121264016,-0.690944005453098
-0.7228133198787285,0.2172862394069993,-0.6559935935436071
0.4337986312389252,-0.5826504816773561,0.6872678980836948
-0.5837369251640967,-0.8055443277740387,-0.10173268005433592
-0.1504241536919919,0.9813646443051773,0.11956591861320938
0.031503454979949976,-0.843897269934411,0.535579060570495
-0.9177473618916526,0.394134811876682,-0.04896457707204648
0.6209783134953886,-0.06751444110425837,0.7809146780607998
-0.7515042960395808,0.36100007761606606,-0.5521958321060098
0.5207569874573676,-0.8534488538590103,-0.020909659515854818
0.7479674667437486,0.06853092185313682,-0.6601879894718614
-0.16891889516738812,-0.8347104713759115,-0.5241419996821783
-0.7824304672590017,0.5799780480969777,0.22677748484027266
-0.9789525728889357,0.006093766236546261,0.20399687754273946
0.30699182975043277,0.9216315678791237,-0.2373842234756757
0.1720795417227703,-0.08162052582216671,-0.9816958393947661
0.3094712247327762,0.9452752773274584,-0.10335478283994472
-0.8219989065254598,-0.33496987143010765,-0.460557252581094
-0.11223116175378145,-0.07871485930076039,0.9905595071759485
0.6220546183537762,-0.7670879101523622,0.15692096699555305
-0.6224944400369086,0.1323157969264239,0.771358024530024
0.4445648397719977,-0.8099705575324838,0.38250463940848545
-0.5699385110233607,-0.0862232102737626,-0.8171509356676777
0.962432810156816,-0.2708815395977082,-0.018608531345307332
-0.09103621888898467,-0.4275145912519496,0.8994129647259235
0.8496650368169861,-0.523578541454111,0.06272827225083942
0.6516363169329251,-0.24688562566846442,-0.7172291114367733
0.2744104261662081,-0.8056781598174818,0.5249586848547191
0.5973679317140632,0.577926561546585,0.5560147872301633
0.62672576374962,0.622241672644155,0.46907368064885047
-0.7053966222413367,-0.631740020442074,0.32143452195176664
-0.09464340069896002,0.7060847306197133,0.701774165875193
-0.7434174722219508,0.6541471972392167,-0.1393624997594491
0.4364238091734514,0.8411613670437411,-0.3193459149255545
0.04672209837594703,-0.6097400270504764,0.7912231953980069
0.34183407280453404,-0.4435734515518316,-0.8284878150873792
0.232391707480334,0.2563792484202871,0.9382237341241286
-0.7614289216872723,-0.08084342608781372,-0.6431876380004066
-0.7455592372628607,0.5782180164060347,-0.33136890203441277
0.19832883123232958,-0.7721312748848895,0.6037209363991389
-0.6453158290992248,0.14427795787849085,-0.750167549007815
-0.11633642836779025,-0.9601240995364323,-0.25421948966194763
-0.8735095820927178,-0.3852162011026225,0.2976398635940244
0.9320762902235532,-0.12818705108108247,-0.338824245204257
-0.633508940248448,0.3501788429881981,0.689957390386345
0.9088141722015645,-0.07054355750184378,-0.41119387994055717
-0.8481139982661032,0.49842377511913594,0.17965630058829896
0.3923096922707741,0.8713303032858519,-0.29474838070156695
0.1251178672483246,-0.6122832867263013,-0.780675794482491
-0.12195427629050265,0.888115856861018,-0.44314487392553636
-0.7095220083680185,-0.31104053958109623,0.6323229415247513
-0.5656516530253747,-0.7389171989877564,-0.36611416316464684
0.29568911667676806,0.9037972431358171,-0.3093840486822315
0.6146927125723942,0.13499709553421077,0.7771284664119049
0.5536642325695535,-0.04520814978755356,0.8315119606872492
0.4063554402915167,-0.9016363920358602,0.1480779278016953
0.44678790095678,0.43957705393984,-0.7791999648409935
0.5060489000328322,-0.7155392101249439,-0.4815788092818577
-0.04148553101810074,0.8114045970743005,0.5830107465243144
0.01655452955929237,0.9702496113689646,-0.2415401399135214
0.07311754275523666,-0.5110719911961216,0.8564223518546603
0.044870156772038004,-0.9693291395207728,-0.2416354450555026
0.12830228340043473,-0.18636971953479775,0.9740661433982578
0.6210581353926348,0.7193688140542398,0.31111943338341963
-0.013600397843231677,-0.8966701302136698,-0.4424903465174197
-0.9776946408779542,0.18762678286123435,0.09438950975437523
-0.36691327414853664,0.7103329970425197,0.6006676972887692
-0.08506887890442019,-0.8597246809007967,-0.5036236282105601
0.5134640410688958,-0.7540802551075224,-0.4095334508757169
-0.43353008134887544,0.8854975698909265,-0.1671697409308908
0.5414713754383167,0.7947252161841104,-0.27426370584176174
0.4762648333266605,-0.024905815324278883,0.8789490934629611
0.8351350763165277,-0.46466993977255644,0.29433187285368206
-0.2436903716174368,0.9530593720998664,0.17970207576309213
0.17683544814212582,-0.4128038710609314,0.8934887734703125
0.8289494831350623,0.52382872507112,-0.1960770797428348
0.7914521143361952,-0.4846885157706524,0.37239843366051956
0.11550762404768862,-0.7397443514351415,-0.6628999044400743
0.24393441808064567,0.7032780836675677,0.6677543984943344
-0.26588559284272295,0.9006496480212631,-0.34370781637584064
-0.824324518559092,-0.564421446959201,-0.04378947721545513
-0.2015387371287111,0.2572837046507654,-0.9450858335398653
-0.06115950155439412,-0.7053189445926675,-0.7062469127495735
-0.6503064720467392,-0.4263698780910859,0.6287370034209185
0.2497020760350846,0.9022500774910234,0.3515589152492243
-0.10783700131081156,-0.08933557719722339,-0.9901466233821792
0.8487000088673318,0.07516624054061273,0.5235058082118875
0.7385037513365216,0.6247297792065977,0.2536235640360748
0.2351128783999127,0.3767684861845832,0.8959729026196526
-0.30848924435161396,0.40459867270332533,0.8608915728278896
0.9849246062105698,0.07384086495520271,-0.15643224329920488
0.5686299311021051,-0.2679806060893221,-0.7777187127842654
0.06501058941711316,0.9848177157666566,-0.16095865921342764
-0.12652922483428528,0.970259382623027,-0.2063663870275809
-0.7099547919568577,0.7042472516234094,4.4253463755522595e-05
0.8058977426183531,-0.31475846290257037,-0.5014538248671098
-0.5597816058500901,0.752238054733729,-0.34753771415820445
-0.4444770650101395,0.2053035479083249,-0.8719464386625054
-0.2590399112650543,0.8234425658316784,0.5048174572539412
0.8873803102523545,-0.13343996946395076,-0.44130483741501714
-0.6159235503004447,0.699892835928678,0.3616465102845708
0.7743122791306898,0.4483742731284458,-0.44654339720118424
-0.3993051837493677,-0.611917861711526,0.6827238832421767
-0.17746834461633545,-0.8333330553196052,-0.5235083624650417
-0.45250836863594096,0.4684753649869737,-0.758793126428252
0.1987182439615309,0.8029024002822478,0.5620131627798861
-0.7064391295058464,0.4529946053906742,-0.5438194955957072
-0.7042280648430268,0.283604042819202,-0.6508698637854191
0.9894478778505954,-0.02922907673172925,0.14191038753510601
0.3048345038970223,-0.3759464016580675,-0.8750658422737155
-0.7200654450069733,-0.6839666394324273,0.11702730899418924
0.09268030595635442,0.25203969072492777,-0.9632685789472837
-0.3763559813973248,-0.915339476127313,-0.14321249494870464
0.05569531159980225,-0.9839686072266626,-0.16942199461174712
0.4975150592227392,0.25502916644118895,-0.8291193461202716
-0.3989474617453919,0.3770661400987838,-0.8358600652967657
-0.4572143671712971,0.8721514493693826,0.17408868950921386
-0.1157664929177446,-0.054859274123478255,-0.9917603436113842
-0.5070046678587959,-0.7267514037232122,0.463442190521895
0.4031754931849129,0.8765504249120972,-0.2628856676989526
-0.8643889492046615,0.16680874589545291,-0.4743485920561454
0.4310340267189837,-0.021228590888463347,0.9020859242551724
0.29431038562247214,0.029412138527409756,-0.9552572025491335
-0.6664985423109341,0.7009278750847618,0.2539287439943747
-0.1338746358315078,0.2286179461855623,-0.9642672951847306
-0.8057145973289094,0.5432590871898911,-0.23599481315639056
0.6311930786945911,-0.6790131901061186,-0.3748818281404902
-0.5033073222275415,0.20550030248869677,-0.8393160102542998
0.611573232877745,-0.5524421704544872,0.566379580432592
-0.8802276534350556,-0.45226571940376104,0.14371846499463467
-0.4754351487278254,0.24368660515664528,-0.8453273081010574
-0.00432262192399956,0.2986940696001093,0.9543391261629313
0.28005368127964375,-0.5616765331228959,-0.778517442155771
-0.6167910612705132,-0.7869674591604214,-0.015843136033768426
0.08087364310844761,0.33432693827294957,-0.9389808050196782
0.6719767073908884,0.7162179622112212,-0.18835905959126556
0.7050877463581521,0.7089198830652713,-0.01684842219034642
0.5901408207316656,-0.3793597510901102,0.7126148966721126
-0.7678313068330332,0.5332403223193609,0.35509131628331936
0.40844340742944746,-0.8636470934121727,-0.2954448865154516
0.6138126304776501,-0.4738891010736231,-0.6313977942230564
0.06156905089348403,0.41098169206954777,-0.909562147824835
0.9197409095718339,0.1909052603021552,-0.34297498574814755
0.20570302256867773,0.439548066282898,-0.8743476219062274
0.10956050515966671,-0.7535570650373481,-0.6481884335912332
0.9490001848037865,0.09219322251659043,0.3014947080205316
-0.7380563133513329,-0.31461803300359314,-0.5968989626655328
0.34905604760416664,0.9025372979839814,-0.25216324351247493
0.0175316878978619,-0.1668632216264954,-0.9858241755951611
-0.5598854838670737,0.07296236771961634,0.825351281486665
-0.6971059142984298,-0.22205638779458375,0.6817142399053813
-0.15768521942194544,0.5637402570997546,-0.8107603185288211
-0.8950005264560829,0.25042314891581313,0.3691372429468786
0.9589055058338881,0.2832497068305996,-0.016426638786878594
0.27954306156129877,-0.7123188831723251,0.643783725647882
0.640453959369283,-0.4207058197574536,-0.642514855198242
0.012784106643508155,-0.7684422791372316,-0.6397913958875224
-0.41879995030675793,0.01152244823436429,0.9080054156279815
0.4513423842799718,-0.675166121857573,-0.583473015698477
0.9912264115466042,0.02380121354691037,-0.13001424262801564
-0.3760530712731332,-0.6446909407347254,-0.6655506581174858
0.10212498116078661,-0.9311554405924356,-0.3500286183700072
-0.43579007622227106,0.8337225954113171,-0.3391071266824166
0.6061083224558639,-0.7656565506537097,0.2154129705723443
0.9983007648699935,0.0011917873008682775,0.058259441320830205
-0.27444352482609546,-0.30016740741411146,0.9135536542575478
-0.24832516237250188,0.7478596850936645,0.6156626553107436
-0.603390972890119,-0.6315461389024948,0.48689712288333203
-0.007799209431130968,0.913586173785545,-0.4065703818530531
0.2297772946460216,0.889812347440746,-0.39425420886421053
-0.699392770494254,-0.709666296976058,-0.0849911731691083
-0.9104407926334184,0.01753642944137484,-0.41326751233490466
0.29866583302259986,0.7182421520614114,-0.6284321213839318
0.6001860824678044,-0.5213114216857524,-0.6066391580106988
0.7172173422486188,-0.6535518056955959,-0.24180430362144895
-0.899366334288769,-0.289527828715768,-0.32758790140527944
-0.12825274018771132,-0.45307167721446867,0.8822002550103982
-0.9324356257403144,0.2940096966214605,0.2100526175576614
0.21376262774294733,-0.6381431859126286,0.7396477629613372
0.2998446653916329,-0.5154278497834524,-0.8027622987558563
0.034457906132415936,-0.3862842544184649,-0.921735931540775
0.0320448720512158,0.7439541056772639,0.6674619201281551
0.9803918874768958,0.1520503290867107,-0.12534928956365401
-0.5422558875215512,-0.8340797530036768,0.10133863072659169
-0.7558002239001171,0.47130905222062947,-0.4545699053472686
0.78024531029513,-0.6110452530469004,-0.1335700359036622
0.4319902162535128,-0.5232062141606613,-0.7346017359936685
-0.1781154837348709,-0.03834971241952161,0.9832620067973912
-0.714333841097897,0.6927238843127713,0.09930147816095584
-0.13754271532702878,-0.580770531006707,-0.8023637527796577
-0.17955377091938923,-0.687992722841284,0.7031546463375349
-0.4087014896791316,-0.9018911509098253,-0.13984078176486756
0.5281874594078372,-0.8049253286563812,0.2703945691239213
-0.6438359218364896,-0.33995451669863713,-0.6854970695263064
-0.9729889413650721,-0.09841490281402045,-0.20882295583911104
-0.9943541031641292,-0.10603635324131944,-0.004026078978648138
0.7664033784338024,-0.6423361025376579,-0.005494806819646928
-0.5147180043731099,0.5710424993997995,0.6395121889795325
0.5459321372920439,-0.8377870768812401,-0.008421121215601436
-0.9182474224681793,-0.0282193083639997,-0.39500043261495604
0.7612928455781687,0.4524184742644403,-0.46448974952708116
-0.8760633884189509,0.2908584458999992,-0.3845962869302609
-0.25557168758659454,0.9652054388097197,-0.05533148648171927
-0.8684122576559238,-0.15372807112385076,-0.47141046965620276
0.20935949561074688,-0.27590545452845544,-0.9381070204188113
0.3426054052999623,0.7216549967339243,-0.6015277233413338
-0.9757645842584202,0.15313454416669928,0.1563115078612253
-0.7717475682804514,-0.4402115124053132,-0.45893301820531124
0.11697641419824352,-0.9344469664291741,-0.3363411741857292
0.8161744403034671,-0.31736489649153693,-0.4828444940871113
-0.5616557296887148,-0.1848676478817116,-0.8064532187762169
0.6776370796627655,-0.36361253718188374,-0.6392135097682714
-0.4507685734027219,0.7454453958395316,-0.49103854742180775
0.06598903174068065,-0.7314449984567685,0.6786999793152386
0.07150260532936162,-0.8270592355392864,-0.5575485614188999
-0.7152661766512927,-0.2387755991681836,0.6567956377599631
0.40253026974928935,0.7753648073749972,0.48659921641932163
-0.23899497419735613,0.20750961602793497,0.948589037236012
-0.21878665809129774,0.8336069536913387,0.5071802884563712
0.624544092983235,-0.1318818839994654,-0.7697738918620843
-0.2919067600958083,-0.37448624141958187,0.880085506299134
0.6133984869759355,-0.3944963589968581,0.6841892420331199
-0.2841579842420604,0.9521256754190991,-0.11274279666219617
-0.8939798353979751,0.4279700223828256,-0.13282211353330123
-0.3158131641754747,-0.142290226905123,-0.9380914329961463
-0.5047083524030467,0.6529657534776416,-0.5647169235997606
-0.8694201146232634,0.2437303714071844,0.4297722307713557
-0.5089268830522556,-0.36638222089106554,-0.7789464011866581
0.17811315308940753,0.03199290132274391,0.9834897858958691
-0.1557886045387478,0.24612859834725956,-0.9566350525521647
0.18915648007708014,0.0002634914325846756,0.9819469214866525
-0.907676340871101,0.09999122946838708,-0.40758485527831995
-0.7760715444312717,-0.6257689925465021,-0.07826957193824823
0.8306550305590795,0.5493101203377875,0.0909429046236162
0.04503974628948409,0.9059911563172547,-0.4208936278076716
0.2759219291516753,-0.7819083425566533,-0.5590048594185254
0.23547098433690863,-0.369596025978884,-0.8988616095462212
-0.5806136214083895,0.49442106469378494,0.6468660088628089
0.12886142237497086,-0.30181147413342657,0.944618742088525
-0.11246147827389202,0.6530877433543971,-0.748885048178098
-0.18906308243990597,-0.6680884831904524,0.7196616771001509
-0.861111258058326,-0.25285729237244486,0.4410788942346743
-0.8051662323935547,0.3182081908834431,0.500450682353271
-0.5404237062596984,-0.8109203159684248,-0.224389079195493
0.4642277224722263,0.03915074335727935,-0.884850179964282
0.48340235657656155,0.7882120892488109,0.3808462472156597
-0.1038003783341062,0.36739915272363244,0.92425285719637
-0.4007108366572599,-0.8594266122350521,0.31751649337887977
-0.2299337170398261,-0.8149955816580133,-0.5318953728377095
-0.4203099955402524,-0.9044012323826005,0.07347052819863398
0.07222469696823304,-0.6498190545113418,-0.7566497138979388
0.7899509805664002,0.43138521626632875,0.4357570922991795
0.7382061640199693,0.5792439393619968,0.34572838777762727
0.6111590616438284,-0.784322055891778,-0.10641200126080592
-0.11529095330770088,0.14514019805683728,-0.9826710125944611
-0.4330470037640275,-0.19838933832617534,-0.8792678562130545
-0.9311908138089519,-0.020497681153453663,0.3639553727384077
-0.6457984321400245,-0.659433701203458,0.3848266866559471
0.8753134164214098,0.4595657206891064,0.15041865376402597
0.10401824281655211,-0.8322090630206789,-0.5446175544247547
0.6750892272213014,0.6616697638174542,0.32626317435392616
-0.25679086764630893,-0.5581701051733452,-0.7889895968795994
-0.7897723919505371,0.5577187930389065,0.2553611497545248
-0.9883155880402614,0.04809136297835232,0.14463581590849645
-0.4522412867600774,-0.8437709774619319,-0.2890127266099637
-0.5701574705908906,0.5995411662283179,-0.5616679167684285
0.8563299917059974,0.2548516877877116,0.44916540665612403
0.7506370214326294,-0.1716960424370508,-0.6380160899743866
-0.7208896795738085,-0.10341541708669111,-0.6852906838654365
-0.04756560560289015,-0.9629290046095987,0.2655282381314606
-0.928746422502891,-0.185011142958126,0.32124906174090134
0.25661036455785563,-0.5481210867748384,-0.7960618035267454
-0.8082414289984746,-0.3474455303533426,-0.47542338592878275
0.42750373038046185,0.4156200008450533,-0.8028079318294926
-0.3525328365878173,-0.4366860223315983,0.8276629247631877
0.08510010137957774,0.16131552504837662,-0.9832269697905729
0.4261593485423212,-0.8541650951404726,-0.29797684455952583
-0.30525770017395304,-0.6600988204221371,-0.686357985137357
0.9273062683287682,-0.36843687674469183,-0.06601024596826857
-0.40038205742732874,-0.4214589738280903,0.8136747147785977
0.14142399282411366,0.8988767481901213,0.4147527526332265
-0.8988915634712261,-0.3373254237732749,-0.27965249077459525
0.10627089703389501,-0.7719863147157647,-0.6266926091276196
-0.21632665561838219,-0.8860490269060536,0.4100242675596182
-0.5460259227789465,0.8335633929222996,0.08383174597527972
-0.5029503741440583,-0.7435927906039127,0.44057993929619327
0.38020249498980685,-0.16376574848301084,-0.910289427834535
-0.3013654359061994,-0.6941402363671271,-0.6537187516793865
-0.6269612925894072,0.6907510606606985,-0.36025339664011474
0.8449726324187705,-0.5306053899246488,-0.0669266064148246
0.4640772177891915,-0.8748378918245122,0.1388920406541944
0.6090672058537925,-0.7833354849741623,0.12418798949072363
0.7801215698109262,0.619712288211531,0.08583132385886053
-0.25150251384231265,0.958780998617299,0.13223268212288578
0.24604624092286606,-0.9551021705634996,-0.1650487537445183
-0.1392237034043226,0.8859580898599774,-0.4423743023979189
0.8940800452372785,0.44643717553340095,0.036259081762577354
-0.26635994524428624,-0.5975738396949883,-0.7562789734493808
0.2640915543734912,-0.82565779095371,0.4985427395379789
-0.26634114021644867,-0.32933162219129614,0.9058714476420213
-0.2539270588447008,0.374434612140652,-0.8918070250999144
-0.767802086755536,-0.3027300730711864,0.5646542822224574
0.8260138946586435,0.11237418666356423,-0.5523342176640534
-0.8726641958380869,-0.36250823731969256,-0.3271772901312599
0.22389772910051292,-0.2819987098316426,-0.9329236488357031
0.3053687334814185,0.1630459969669206,0.938171593838258
-0.7373334814025473,0.6640149699867447,0.12419121078523218
0.27907909567962513,0.4709760789926661,-0.8368371355116457
-0.6809955116554837,0.6394337705052995,-0.35688873089866846
