x,y,z,theta_0,theta_1
-1.95387,-2.27208,0.0816387,3.97765,5.76598
-0.306213,2.45033,-0.882991,1.91569,0.912929
0.967313,0.254681,0.0236018,1.42074,2.95876
1.07415,0.111949,0.391847,1.14514,3.41034
0.463675,-1.10426,-0.596871,0.0586668,2.45834
2.20874,-1.34864,-0.808913,6.11471,1.00416
-1.36669,-1.0828,0.966583,4.22416,4.08124
-0.24283,-1.8745,0.993949,4.88773,4.30845
-2.84183,-0.79907,0.305993,3.48296,5.78985
1.74146,-0.752654,0.994696,6.15647,4.46342
1.1719,-2.66874,0.404124,5.22267,5.5837
2.96566,0.0510337,0.258162,6.28216,6.11336
0.658751,-0.82327,-0.325288,0.299154,2.64745
2.35053,0.503516,0.914823,0.428825,5.0155
-0.368816,-2.86951,0.44983,4.58706,5.11792
1.29069,2.55912,-0.499738,1.16289,0.274589
1.6932,-1.96544,0.804316,5.51731,5.04308
-2.73227,-0.72833,0.561204,3.49012,5.60447
-0.916684,2.83874,-0.183195,1.95686,6.08261
-1.32792,0.701098,-0.866967,3.16824,1.89605
1.81906,0.32714,-0.988418,0.709616,1.49369
0.76556,0.758696,-0.386766,1.69848,2.60438
-1.38891,-2.55007,0.427994,4.21822,5.25947
-1.53249,-2.03281,-0.837949,4.12307,0.531172
-0.84561,-0.74915,0.492569,5.00237,3.24712
-0.908174,0.814174,0.6254,3.31249,3.3985
2.65944,-0.0466261,0.751395,0.0995245,5.28453
2.73749,-0.331238,0.652881,6.23336,5.43724
-0.397863,-0.928065,-0.139321,5.65938,2.71388
-0.639216,-0.885165,-0.418623,5.33484,2.51494
-0.379778,-0.932515,-0.117135,5.67084,2.72811
-0.951705,0.798243,-0.652428,3.31448,2.14204
1.79671,2.04046,-0.695265,1.07977,0.589589
-0.17825,-0.98434,-0.0264167,5.79593,2.83379
-1.25857,-0.202211,0.688441,4.06634,3.57347
-0.723818,1.82007,0.999147,2.52369,4.17417
-1.64384,0.146687,0.936887,3.68042,3.99334
0.823865,-0.686038,-0.372835,0.434383,2.64307
2.08813,-0.918554,-0.959638,6.26325,1.12802
-0.669087,0.83199,0.361566,3.33534,3.0981
-2.6727,-1.2892,0.253326,3.59009,5.81335
-1.03809,2.14043,0.925445,2.30849,4.75236
-2.35767,-1.58716,0.539282,3.7173,5.39965
-0.787021,1.27688,0.865994,2.89452,3.76725
-1.24256,1.00682,-0.916192,2.98756,1.84057
0.893592,-0.736653,-0.539613,0.348641,2.47836
0.211043,1.46034,-0.851415,1.9407,1.74074
-0.744019,-0.72726,0.281433,5.20918,3.08373
2.39414,1.39597,0.636361,0.751741,5.45561
0.850286,-1.48758,0.958062,5.76297,4.04454
0.231538,-0.975262,-0.0688123,6.2616,2.88128
0.0667547,0.997928,0.0178121,2.59722,2.91217
1.45576,-1.42885,0.999207,5.74945,4.46872
2.29127,0.883416,-0.890145,0.691887,0.991323
-0.559627,0.931296,0.406851,3.24793,3.12942
1.5037,2.07733,-0.825466,1.16518,0.767742
-1.81093,0.584141,0.995266,3.36884,4.25401
0.84203,-2.81078,-0.356767,5.02105,0.284979
0.335234,2.74261,0.646372,1.65171,5.19671
2.00798,0.680745,-0.992745,0.760974,1.34203
-2.46985,1.6887,0.126495,2.54845,5.75844
0.663067,1.97765,0.996309,1.73107,4.46675
2.26194,1.45053,-0.726584,0.799597,0.654661
-1.23564,-0.682665,0.808629,4.25165,3.75474
-0.876943,2.77614,-0.411632,1.95187,6.24575
-1.36666,-2.56148,-0.429091,4.1765,6.08269
0.720567,2.19492,-0.950682,1.47735,1.09999
1.12674,-0.428892,0.607404,0.497419,3.65569
-1.73996,1.97084,-0.777402,2.45987,0.786045
0.816701,0.637579,0.26627,1.76039,3.12706
-1.86057,-1.95919,0.712295,3.95784,5.29228
2.33032,-1.14789,-0.801723,6.15908,0.996457
-2.23758,0.879791,-0.914616,2.85236,1.10743
2.55116,-0.748304,0.752456,6.10523,5.09709
-2.66848,0.00174684,-0.743734,3.17494,0.408334
-0.897979,0.45592,-0.118867,3.70501,2.6584
-1.42679,-1.34345,-0.999189,4.28319,1.49001
1.88515,-0.058099,0.993486,0.372298,4.58747
2.1023,-0.698538,0.976545,6.14091,4.72976
-2.49833,0.640706,-0.815202,2.94358,0.641001
0.0578519,-1.19037,-0.588871,5.8448,2.32929
-2.59905,0.0420918,0.800459,3.33914,5.32538
-1.31203,-0.244411,0.746485,4.05098,3.62923
0.586992,-2.56647,-0.774361,5.00565,0.589778
-0.876652,0.521013,0.197964,3.61789,2.93971
-0.144155,-1.47394,0.854758,5.33709,3.7962
-0.352711,-1.41585,0.841101,5.20853,3.7576
2.23196,-1.01521,-0.892019,6.20954,1.04906
0.781115,0.688058,0.283218,1.79137,3.13519
-0.387549,-2.92222,-0.318839,4.4974,5.88011
1.45362,-0.712982,0.924599,6.26455,4.17755
1.99941,-0.408477,-0.999171,0.251503,1.1984
1.76995,0.164015,0.97494,0.482076,4.54835
1.38301,-1.596,-0.993725,5.91414,1.3854
2.97302,-0.352921,0.110346,6.23684,6.10463
2.5889,-0.713311,0.728198,6.11596,5.12944
1.15357,1.56209,0.998309,1.55227,4.47547
2.64536,-0.459483,-0.728573,0.112286,0.723891
1.20165,-0.994913,0.898032,6.17756,3.93435
0.441578,-0.903185,0.103327,0.117784,3.03642
-2.76025,0.348914,0.623007,3.1648,5.56879
0.120087,1.07983,-0.406803,2.44833,2.44373
0.904194,-2.67486,0.567241,5.13336,5.29966
2.3319,-1.21542,0.776892,5.94559,5.00132
-0.234205,2.30294,-0.949151,1.9093,0.9798
-1.97757,-0.493664,0.999268,3.67685,4.7118
-2.73954,1.03022,0.375437,2.77026,5.61825
1.08702,-0.50305,-0.597023,0.531428,2.34111
2.52149,0.656039,0.795897,0.484814,5.2259
-0.332298,-2.92663,0.3258,4.5829,5.18863
-1.87033,-1.63587,-0.87463,3.96208,1.05777
1.18248,0.213008,0.602013,1.09082,3.57586
-0.511919,-2.61389,-0.748134,4.48971,0.145302
1.95261,0.196859,-0.999297,0.566892,1.33966
0.115017,-2.30038,0.952911,4.93814,4.5354
-2.85216,-0.229135,0.508021,3.34207,5.69784
2.23282,-1.06607,0.880383,5.97824,4.91302
0.915563,0.403615,0.0340472,1.56155,2.95098
0.745554,-1.15359,0.779455,6.02048,3.7957
2.27698,1.01418,-0.870239,0.725782,0.94606
-0.56889,0.844953,0.192065,3.32145,3.02074
-0.958683,0.448926,-0.337258,3.71119,2.44737
1.21171,-0.262371,0.649676,0.618738,3.70031
-1.87751,-0.773985,-0.999526,3.88184,1.3994
-0.0905007,1.62317,-0.927304,2.02195,1.62146
0.0840289,1.60511,-0.919671,1.96089,1.6532
1.62904,-1.38043,-0.990809,6.09622,1.3886
0.180664,1.18244,0.594848,2.40848,3.49096
1.93784,1.92703,0.680349,1.14247,5.35956
-0.575781,2.34432,-0.910279,1.97777,0.893146
-1.23015,-0.739277,0.825231,4.26167,3.76619
-1.54826,-0.547435,-0.933796,4.07562,1.72139
1.09834,-2.78889,-0.0724074,5.11349,0.0758629
-1.58016,-0.631103,-0.954419,4.05702,1.67391
-0.677281,2.75084,-0.553292,1.93937,0.158064
-2.55881,1.55929,0.0838132,2.58278,5.75148
0.500128,-1.09624,-0.60652,0.0741102,2.45493
-1.97423,-2.01196,0.574093,3.91592,5.43424
2.60731,-0.685573,-0.718106,0.0656528,0.78893
-2.02429,2.17188,-0.247182,2.36785,6.08684
-2.81588,-0.966296,0.21295,3.52707,5.82508
-2.21796,-1.4855,0.742842,3.71225,5.26096
1.44586,-2.03566,-0.867818,5.53072,1.09975
0.985285,1.27806,-0.922397,1.37158,1.72104
-2.49161,1.65895,-0.114993,2.54994,5.87109
1.7229,-1.09401,-0.999164,6.20274,1.36974
1.12749,0.312768,-0.557867,1.23214,2.47205
0.454444,-0.9246,-0.244082,0.15275,2.71876
-2.58425,1.51991,0.0619587,2.59008,5.75221
1.06271,-1.93871,-0.977514,5.49757,1.23594
1.2516,0.0783852,0.666003,0.940604,3.6706
-1.84153,2.08758,0.621081,2.33733,5.40577
0.918267,0.494577,-0.290043,1.55599,2.68673
-0.755715,-1.07692,0.729129,4.98944,3.62569
-0.18111,1.19957,-0.617158,2.66792,2.30525
-0.877774,-2.86298,0.104563,4.4122,5.48834
2.35436,-0.867706,0.860666,6.05983,4.9804
0.720763,0.737412,-0.247661,1.75635,2.67557
0.811544,-0.923105,-0.636976,0.203892,2.40787
2.67155,1.04735,0.493898,0.64584,5.56709
-0.98506,0.916099,-0.755808,3.16967,2.03289
-2.29879,1.08572,-0.840192,2.7819,0.993355
-1.76659,0.123971,0.973411,3.63922,4.07952
0.997954,-0.148675,-0.133624,1.09181,2.90308
0.455007,-2.79421,-0.556253,4.93069,0.380353
-0.6176,1.5932,-0.956638,2.27377,1.47482
-0.282021,2.25098,0.963257,1.93992,4.7289
1.94281,-2.25687,-0.208981,5.47922,6.17292
1.06748,-0.986057,0.83727,6.18073,3.89598
-2.44398,-0.164657,-0.89327,3.31452,0.732447
-0.583086,0.866205,0.293935,3.30565,3.06759
2.24613,-0.0717551,-0.968945,0.349003,1.10334
-1.15907,2.63547,-0.476665,2.01292,6.2299
1.15661,2.57075,-0.573857,1.19725,0.364521
1.70414,-1.59832,-0.941724,5.98323,1.29684
0.594502,-1.43946,0.896718,5.78162,3.90228
-1.40751,-2.48171,-0.521804,4.16311,6.1758
2.48342,-0.664088,0.821172,6.13301,5.05896
1.72891,-0.871166,0.997949,6.13255,4.4701
-0.0153388,-1.39375,-0.795338,5.57277,2.09204
1.2743,-1.52662,-0.999935,5.94267,1.44283
0.0528907,2.94993,0.311026,1.66511,5.37068
1.18808,1.45926,0.992984,1.54136,4.44639
-0.635414,-1.15688,0.733113,5.06704,3.61904
-0.567454,-2.51037,-0.819064,4.47985,0.181955
1.49365,2.60165,0.0120468,1.14457,6.18705
-2.19505,1.69038,-0.637445,2.53636,0.587455
1.26137,-0.797651,0.861603,6.27602,3.9431
-1.16411,-0.472799,-0.668696,4.37358,2.05323
-2.57307,-1.37972,-0.392756,3.69401,0.331492
1.0062,2.74759,0.377444,1.24948,5.88863
-1.02628,-0.169311,-0.28052,4.41204,2.46726
-2.15016,-0.318907,0.984803,3.58339,4.85418
1.44518,0.903642,-0.955325,1.09346,1.76625
2.39782,-0.273224,-0.910578,0.236227,0.960966
-1.82335,-0.877613,0.999722,3.82154,4.56927
2.63478,0.106155,-0.770935,0.257949,0.768553
0.346124,-2.41576,0.897788,4.97129,4.61156
0.998446,-0.137202,0.124883,1.04986,3.0966
-2.26283,-1.43345,0.734462,3.69987,5.26323
-0.698033,1.49113,0.935407,2.72507,3.88535
0.496199,1.1981,0.710975,2.17493,3.63609
-0.777847,-1.46969,-0.941448,4.79637,1.70551
0.538331,1.49844,0.913076,2.05326,3.87839
-0.8985,-0.47709,-0.185254,4.76217,2.56685
-1.1361,-0.850103,-0.813865,4.44563,1.81454
2.16099,-0.519912,-0.974899,0.183089,1.10957
1.55456,0.758732,0.962815,1.12028,4.45388
-2.93797,0.000501671,0.346703,3.24165,5.86832
-0.0771694,-2.07983,0.996693,4.89946,4.40974
0.45975,0.934403,-0.2847,1.98945,2.62842
-2.07374,1.75841,-0.695113,2.52051,0.660312
1.33936,0.558685,-0.835962,1.07575,1.93378
-0.183982,-1.20473,-0.624157,5.68714,2.26711
2.53836,1.56139,0.198309,0.74202,5.95053
-0.790568,0.612498,0.0123347,3.57571,2.79531
1.06008,-1.07994,0.873563,6.12237,3.91964
-1.40389,0.246833,0.818452,3.73597,3.77562
2.5315,-1.54864,-0.252412,5.84654,6.2599
0.251337,-2.50473,0.8558,4.94979,4.64019
2.45587,-1.44566,0.527139,5.88098,5.2972
1.15645,1.19191,0.940691,1.52149,4.30076
1.23137,0.613475,-0.781209,1.15886,2.01612
1.69682,0.802713,0.99242,1.07237,4.51932
1.17242,-1.26665,-0.96172,6.14047,1.61784
-1.10624,-1.2401,-0.941076,4.51907,1.64694
-1.07421,0.0231428,0.378651,4.11716,3.25867
1.29608,2.14647,-0.861702,1.23204,0.843937
-0.71596,-1.37793,0.89445,4.91848,3.78763
-0.532565,1.16935,-0.699037,2.82585,2.19646
-0.250985,-1.00045,-0.24883,5.74684,2.65495
-2.81073,0.714988,0.435386,2.97341,5.6543
-1.42483,-0.0669231,0.819139,3.87256,3.75263
0.265811,-1.04437,-0.386387,6.23668,2.56723
2.49545,1.64472,-0.149869,0.779374,0.0935428
-1.94477,-1.04947,-0.97773,3.86044,1.25272
0.327832,0.95234,0.119677,2.33379,3.02058
0.832321,-2.1763,0.94397,5.2499,4.61312
-1.8703,0.13129,0.992144,3.58997,4.17415
2.95721,-0.210402,0.263413,6.24413,6.0424
0.461536,1.02983,-0.490434,1.93613,2.38258
1.08134,-0.255879,0.458295,0.741742,3.50787
0.458046,-1.38256,-0.839386,5.89278,2.06131
-1.01242,0.11976,-0.1964,4.09642,2.5402
0.440608,-1.04447,0.499361,6.11255,3.51665
-1.11928,-0.844223,0.801469,4.39259,3.75875
-1.66617,-2.45572,0.252475,4.11905,5.48044
2.56468,-1.54536,-0.106817,5.83358,6.02523
2.65076,1.15244,0.455095,0.674155,5.60939
1.52043,-2.57134,0.159326,5.30772,5.88101
-1.6328,1.49863,0.97633,2.7385,4.55363
-1.21377,2.3621,0.755019,2.17596,5.14159
2.27396,-0.085384,-0.961282,0.336742,1.0839
0.502284,-2.53009,0.814993,4.99284,4.70931
-1.45839,0.132913,0.844496,3.77192,3.82143
-2.64937,1.40003,0.0831459,2.61532,5.73225
2.08938,-2.02402,-0.416838,5.62391,0.183094
1.34072,0.813678,0.902024,1.23253,4.34512
-0.658927,-2.46444,-0.8345,4.46271,0.176066
0.723692,-2.88206,-0.236897,4.97605,0.185175
0.565467,-1.7707,-0.989981,5.46,1.44365
-0.847882,1.73663,0.997723,2.58955,4.16836
0.289218,-0.958535,0.0493314,0.0278076,2.98203
0.340246,2.1773,-0.979029,1.65986,1.14328
-1.09141,1.28101,-0.948394,2.76113,1.71798
-2.14367,1.22365,-0.883555,2.73974,1.05279
-1.00399,-0.267285,-0.276421,4.51672,2.47189
1.10267,0.943131,-0.835816,1.29497,1.96133
-1.12345,0.743563,0.757558,3.30606,3.61022
2.35989,0.00445853,0.932993,0.237756,4.94105
-0.0591106,-1.6735,-0.945556,5.31858,1.85014
1.79174,-2.40597,0.0181093,5.39572,5.97864
1.42093,1.69432,-0.977426,1.21313,1.17751
-0.858632,-2.87342,0.045432,4.41648,5.53763
0.543256,-1.13401,-0.669757,0.0453548,2.4044
1.16393,-0.133473,-0.560075,0.966386,2.48322
1.54962,-2.31789,0.615448,5.37131,5.36627
-1.03341,0.533877,-0.547458,3.55263,2.26539
2.03262,-0.26082,-0.998785,0.317091,1.18408
1.01179,-0.166877,-0.224222,1.06839,2.83352
-1.53311,-0.0354259,-0.88453,3.85112,1.91938
0.0377472,-1.74283,-0.966474,5.29808,1.75564
1.94839,-1.17156,0.961873,5.91938,4.75926
-2.86311,0.432343,-0.444917,3.00828,0.199569
1.00423,-1.15674,0.883644,6.05397,3.93045
-0.340119,-1.08298,-0.502005,5.65688,2.42399
-0.762193,2.69125,0.603846,1.94091,5.2033
0.332027,-2.98131,-0.022586,4.86043,6.07875
-1.2944,-0.615913,-0.824035,4.25791,1.85013
0.854981,0.57202,0.237807,1.71778,3.10902
-0.842022,0.684367,-0.403595,3.51453,2.40341
2.67069,1.33428,0.17,0.706863,5.92064
-2.03921,0.30767,0.998058,3.47036,4.37317
-2.69128,1.29671,-0.158364,2.64288,5.8656
-2.54958,1.32466,0.487423,2.68023,5.59042
-2.25201,-1.35679,0.777281,3.69505,5.23463
0.791585,0.76894,-0.443193,1.65745,2.55373
1.96656,-0.869126,-0.988678,0.0143353,1.20337
-1.04773,-2.38206,-0.798275,4.32073,0.138066
1.18199,-2.36436,-0.765571,5.33137,0.913145
1.64524,-1.24661,-0.997938,6.14048,1.40061
-1.23344,-0.711989,0.817579,4.25628,3.76085
1.09268,0.282151,-0.490436,1.26486,2.55498
-0.57183,-2.31677,-0.922374,4.50292,0.307955
-2.3983,-1.11067,0.765871,3.64797,5.26363
1.31921,-2.55106,0.489556,5.2758,5.48773
-1.01263,-0.207455,0.25729,4.37871,3.13441
0.630764,-1.50289,0.928987,5.74366,3.94862
2.9992,-0.0563462,0.0234638,6.28159,6.23498
-0.593914,0.811489,-0.105758,3.38229,2.72323
0.619877,1.1449,0.716034,2.12216,3.64714
-2.13126,1.72568,-0.670058,2.52769,0.628757
0.028656,-1.49515,0.863366,5.40768,3.81078
-1.37195,0.550895,-0.853201,3.23777,1.88992
-0.926298,-0.574706,-0.414824,4.73477,2.38078
1.17924,1.21472,0.951702,1.50732,4.33402
-0.152542,-1.00917,0.202098,5.75568,3.06845
-0.249188,1.30262,0.738954,2.59326,3.62483
0.757431,1.93495,0.99696,1.69189,4.49541
1.85743,-2.16236,0.52583,5.44841,5.41726
-2.70879,-1.16035,0.321665,3.56993,5.76902
-2.16038,0.211081,0.985328,3.44903,4.53389
2.30619,-1.70172,0.499924,5.7748,5.36253
2.21624,1.32978,0.811342,0.801181,5.29036
-0.898618,-2.55398,0.706751,4.42804,4.92973
-0.612019,1.14748,0.714624,2.95513,3.57817
0.936923,1.85058,0.997241,1.6185,4.54037
-1.36518,-2.67095,0.0276982,4.18798,5.61224
-1.93909,2.2611,0.205322,2.27101,5.62756
-1.4426,2.62815,-0.0624543,2.1037,5.82738
1.90468,-0.703656,0.999535,6.15558,4.53434
0.929371,2.81798,0.253723,1.25263,5.91266
-1.2936,-0.0991401,-0.711579,4.07733,2.07185
1.04023,0.158151,-0.318807,1.26491,2.70535
0.63907,1.05575,0.642967,2.08894,3.59567
1.40928,-1.26756,-0.994521,6.1404,1.50347
0.713437,-2.83422,-0.385683,4.98138,0.294403
-1.12865,-0.421106,0.606157,4.30235,3.46828
0.22241,1.27215,0.705658,2.34401,3.59498
-0.938603,-0.356338,-0.0889987,4.64203,2.67096
2.09128,0.159915,0.995247,0.371609,4.76566
-0.566791,-2.39353,0.888061,4.60657,4.69351
-0.256091,-1.20795,0.643788,5.42964,3.53183
-0.94641,-1.23679,-0.896694,4.60947,1.68593
-2.29208,-1.92888,0.0926695,3.81527,5.82711
2.36646,1.18183,0.764047,0.736266,5.34976
0.0532222,2.35645,-0.934087,1.81725,1.02842
-1.34494,-0.678676,0.869734,4.21346,3.79018
-0.840753,0.659064,-0.363188,3.53541,2.43418
2.93613,-0.147281,0.341655,6.25321,6.00897
0.932175,-0.484261,-0.313636,0.678385,2.73642
1.72385,2.43674,0.173403,1.13398,6.09093
-1.91299,-1.21335,0.964156,3.80774,4.77791
-0.349153,-0.993546,0.321558,5.59432,3.1564
0.661313,0.76494,-0.14906,1.81546,2.73216
-1.03694,2.49915,0.708476,2.07319,5.16999
-0.219512,-1.00935,0.254548,5.6907,3.11124
1.78096,-1.2751,-0.981713,6.13705,1.32278
-0.940609,1.4469,-0.961662,2.56012,1.59783
0.0916027,1.3165,0.732915,2.39986,3.60359
0.436068,-0.90024,0.0242213,0.131697,2.98784
-1.98246,-1.17213,-0.952974,3.86279,1.20195
-1.8966,0.281018,0.996575,3.52902,4.23398
-0.101848,2.63439,0.771396,1.7721,5.06257
2.6758,1.31417,-0.193505,0.721527,0.0848704
2.68117,0.30268,-0.715904,0.296017,0.74035
-2.36933,-1.30197,-0.710706,3.77937,0.944488
0.365343,0.941896,0.14294,2.30826,3.03038
2.94034,-0.455616,0.220302,6.20885,5.96714
1.52654,1.22263,-0.999023,1.11865,1.55148
-2.14848,0.667041,-0.968336,2.9414,1.25117
-2.34767,1.82909,-0.217341,2.48549,6.08791
0.329944,2.95648,0.222927,1.5679,5.48056
-0.0186418,-2.38442,-0.923128,4.81828,0.666414
-0.917374,-1.163,0.854936,4.80765,3.75884
-0.227532,-1.48222,-0.865784,5.36213,1.9499
2.43909,1.39751,-0.584934,0.76436,0.519909
-1.19717,1.58941,0.999948,2.67957,4.29115
-2.97589,-0.372772,-0.04128,3.30446,6.1611
-2.66238,1.32048,0.235575,2.65001,5.66723
2.66218,0.694554,0.65997,0.473871,5.40228
0.347017,0.945703,0.121107,2.31787,3.02017
1.69946,-0.611547,-0.981031,0.182154,1.45377
1.51167,2.46925,-0.445607,1.1262,0.270897
1.53958,-2.06259,-0.818975,5.53508,1.05448
1.30618,-2.6817,-0.184212,5.17909,0.115107
-0.827728,0.673498,0.360174,3.45654,3.10432
-1.14295,0.242065,0.555229,3.88344,3.40514
0.517368,-1.03133,-0.532906,0.120696,2.50105
-0.69326,-1.4899,-0.934215,4.87329,1.73138
1.46479,-2.40917,-0.573044,5.34957,0.654386
0.0554684,-1.16123,-0.546518,5.88153,2.36865
-1.02091,-2.63996,-0.557043,4.32262,6.16503
0.971299,-0.59124,0.505368,0.401725,3.55296
0.942437,-1.91439,-0.991009,5.48147,1.2735
1.29327,2.70685,-0.0121422,1.16384,6.14776
-0.0321321,-2.87983,0.474965,4.68584,5.16988
1.48361,0.898694,-0.964132,1.07433,1.74536
-2.51996,1.26695,-0.571608,2.71372,0.430451
-2.22178,1.68455,-0.615431,2.53701,0.553429
0.798424,2.57619,-0.716995,1.35931,0.73692
1.68356,-0.692337,0.983732,6.17814,4.43512
0.967242,0.655355,0.555304,1.63271,3.43324
1.00082,0.0308189,-0.0508511,1.22352,2.92883
-1.31893,2.67435,-0.1894,2.05787,5.94387
1.89916,-0.110566,0.995223,0.347979,4.59134
-0.135241,1.46056,-0.845994,2.12811,1.77331
1.00096,-1.80207,-0.998113,5.5531,1.31811
1.20984,2.30644,0.796612,1.38213,5.15056
-2.30013,-1.38732,-0.727488,3.80261,0.964689
0.966571,-0.258497,-0.032849,0.984855,2.98168
-0.618739,-2.8972,-0.271163,4.45121,5.80096
2.74853,-0.338311,-0.638918,0.104355,0.651931
-2.62859,-1.33012,-0.32428,3.66408,0.167422
2.39649,-0.251861,0.912224,0.0690608,4.98932
1.30389,-2.14141,-0.861862,5.46466,1.07563
0.468052,-2.60933,-0.759101,4.96015,0.53668
2.25173,-1.89907,-0.325235,5.70341,0.0671435
-0.955479,-1.03678,-0.807341,4.58354,1.76636
-0.819317,1.03776,0.735251,3.10903,3.57934
-1.12733,-0.202467,-0.519238,4.32486,2.27145
0.374708,2.5193,0.837123,1.69834,4.99866
0.516557,-2.9549,-0.0239607,4.89961,6.15576
0.879056,1.60087,-0.984805,1.44032,1.43379
-1.29737,-0.683771,0.845817,4.23504,3.77023
-2.80011,-0.642525,-0.487937,3.41291,0.354553
-0.832162,-1.55752,-0.97221,4.75564,1.68258
0.0988372,-1.49788,0.866681,5.43345,3.81717
2.23893,1.84813,-0.429275,0.882992,0.362773
-1.09621,-1.0954,0.892876,4.57938,3.84959
-1.3499,0.81033,0.904931,3.2429,3.88695
-2.24716,-1.96118,0.185682,3.82694,5.76739
-0.584812,-1.59242,-0.952804,4.97592,1.76021
-2.38726,-1.42155,0.627699,3.68609,5.3293
-0.316989,-2.93654,0.301072,4.58416,5.209
-1.43207,-0.181143,-0.830833,4.01757,1.94739
-2.89955,0.689038,-0.197523,2.9641,0.036386
-0.668564,2.84222,0.392393,1.88771,5.32294
0.269315,2.04416,-0.998087,1.71248,1.22114
-0.718946,-2.00891,0.991025,4.6395,4.50328
-0.884286,-2.49108,-0.765552,4.39514,0.105216
1.00667,2.82297,0.0762308,1.21874,6.00064
2.30716,-0.41257,0.939057,6.26938,4.94064
-1.42043,-2.6286,-0.155533,4.16698,5.79449
-1.08883,-0.21634,-0.456175,4.38179,2.32765
1.45086,-2.2493,0.73632,5.38127,5.22506
-2.98881,0.253743,0.0296482,3.13034,6.12413
-1.14573,0.1745,0.540951,3.9351,3.4041
-0.0563148,1.08222,0.400453,2.66538,3.26304
0.56794,0.84866,-0.204654,1.88218,2.69838
-0.377032,-1.53308,-0.90695,5.19926,1.85854
1.43121,-2.13147,0.823444,5.42426,5.06221
-0.693995,-1.42338,0.909159,4.91128,3.82402
-2.0001,2.16175,0.326803,2.29988,5.56233
-2.6666,-1.37397,-0.0219651,3.62327,6.00375
-1.02517,-0.431542,0.460415,4.48724,3.29017
1.44291,-0.607617,-0.900733,0.241282,1.73652
-1.35497,1.15469,0.975555,3.04131,4.03878
1.34015,2.25902,0.779321,1.33208,5.22351
1.67989,-1.63957,0.937722,5.66534,4.77295
2.36373,-1.83997,0.0952989,5.73159,5.91574
1.54783,0.484338,-0.925741,0.939278,1.76722
0.95816,2.84066,-0.0647372,1.22082,6.0468
-1.86016,-2.14456,0.544293,3.99369,5.40712
0.606009,-2.43342,0.861509,5.04451,4.68372
-1.81726,-1.44082,-0.947708,3.95944,1.19809
0.482709,1.25567,-0.755854,1.79494,1.90288
2.1777,1.9851,-0.322135,0.932162,0.292154
-1.3391,-0.0502763,0.751306,3.92993,3.65911
0.440267,-1.00851,0.436763,6.15738,3.45386
0.364316,1.73544,0.973957,2.02856,4.05231
2.07973,1.06186,-0.942174,0.795004,1.10867
-2.26109,-0.751123,0.923919,3.63629,4.98294
0.454681,1.18784,0.685459,2.19164,3.6241
1.33183,0.600577,-0.842295,1.08939,1.92555
0.415924,-2.82508,-0.517754,4.92186,0.352531
1.03191,-2.14976,-0.923085,5.40835,1.12799
-2.29677,1.70568,0.508839,2.47795,5.51947
-0.726449,2.55572,-0.753923,1.96572,0.534298
-0.382704,2.22406,-0.966478,1.95494,0.986397
-0.65294,0.779532,0.182847,3.38174,2.99524
-0.93557,-0.490909,-0.331496,4.70782,2.43798
-1.04678,-0.184863,0.349279,4.31424,3.21229
-1.80697,2.31901,0.34147,2.25235,5.58436
-1.02193,-1.19532,0.904071,4.68997,3.82921
-1.28366,-2.54965,-0.519364,4.20443,6.15304
-1.10736,-0.42464,-0.580842,4.4461,2.17547
-2.1387,1.83139,0.578505,2.39613,5.43782
-0.74883,-0.738576,-0.317615,5.11392,2.53982
-1.05932,-0.69017,-0.677328,4.49714,2.00832
-1.27685,2.00298,-0.926883,2.32974,1.03992
-0.370252,1.06607,-0.490461,2.96994,2.46069
-2.20657,-0.652342,0.953632,3.63537,4.91576
-2.26961,-1.93453,-0.187823,3.83725,6.02639
-1.31469,-1.09876,0.958046,4.29073,4.03296
-1.36786,1.23936,-0.988043,2.77534,1.62483
-1.48236,-0.65005,-0.924421,4.11486,1.72503
2.87451,-0.257703,-0.463611,0.0858021,0.545123
-1.88374,0.915151,-0.995546,2.90115,1.42548
0.683451,-1.03316,0.648468,6.12608,3.66547
2.57741,1.44499,0.297146,0.7192,5.81138
1.02315,-1.02022,-0.831776,0.0582761,1.96387
2.79841,-1.07341,0.0746084,5.95358,5.74322
-0.219424,2.9381,0.32334,1.73948,5.33937
2.98079,0.227084,0.145013,0.0286198,6.17044
-1.09744,0.117611,-0.443493,4.09394,2.36901
0.916235,2.03647,-0.972454,1.42212,1.14344
2.85814,-0.514917,0.427212,6.18461,5.70341
1.26326,-0.946024,0.9067,6.19498,3.95599
1.23584,-0.311813,0.688296,0.55248,3.74258
-2.23006,-1.70458,-0.590672,3.84713,0.634907
-1.38743,-0.132561,-0.795272,4.01833,1.98308
0.582964,-1.0188,0.563377,6.1421,3.58705
-1.65958,-2.35659,-0.470655,4.08602,6.21954
0.0146372,1.61511,-0.92299,1.98399,1.64526
1.40203,-0.614195,-0.883019,0.248764,1.77393
-1.63896,0.652494,-0.97177,3.08025,1.68694
0.152532,-1.02303,-0.259797,6.14282,2.66576
-1.02076,-0.00601578,0.202796,4.2122,3.07667
1.21376,2.7272,-0.171981,1.16868,6.2212
-0.313071,1.05463,-0.436138,2.96671,2.48925
-1.04329,-0.526726,0.555844,4.4699,3.39209
1.76375,2.21581,0.554661,1.18245,5.52678
2.34612,0.203016,0.934909,0.32161,4.93965
-2.73986,1.20837,-0.104802,2.67279,5.86106
0.227481,-2.96247,-0.238302,4.84933,0.00427947
-2.26067,-1.97188,0.0186985,3.82638,5.86044
-1.29501,2.57566,0.469568,2.11196,5.43853
-0.320454,-1.53483,-0.901837,5.24996,1.88158
-2.1892,0.213679,0.979876,3.43625,4.58322
1.48368,-0.00464854,-0.856403,0.761915,1.90619
0.366338,-2.21975,0.968304,4.99912,4.54962
0.583632,-1.05172,0.603718,6.11536,3.61619
-0.0924041,1.53828,0.888465,2.36008,3.81222
1.16484,1.65287,0.999756,1.53932,4.53044
0.675561,2.04863,-0.987576,1.49974,1.16415
-1.51946,0.688767,0.943379,3.30927,4.01931
-2.85131,-0.218079,-0.510905,3.24612,0.234623
0.810185,2.23316,0.926788,1.60708,4.72908
0.521826,-2.74067,-0.613224,4.94806,0.421612
1.74067,-1.89064,0.821705,5.55325,4.99371
-0.691161,1.56991,0.958621,2.67363,3.944
-2.99092,-0.151676,-0.102219,3.23897,6.2197
-2.45147,-1.65197,0.292947,3.72439,5.68609
-0.436327,-2.48879,-0.850021,4.52156,0.238625
1.51109,2.01186,0.856502,1.29833,5.12245
-0.19414,0.988301,-0.119694,2.9386,2.71089
-0.358646,-2.94394,-0.259628,4.50889,5.83237
-2.48645,-1.13572,0.67963,3.62701,5.37119
1.03891,-0.755356,0.698599,0.132146,3.75087
-0.948063,0.322211,-0.0513736,3.82333,2.70905
-1.1855,0.788221,-0.817182,3.18309,1.97494
-0.515984,1.3917,0.856756,2.71822,3.77672
0.234465,1.99414,0.999969,1.95578,4.27977
-1.65642,-2.30311,-0.54734,4.08604,6.27846
-0.276314,2.98596,0.0506717,1.7584,5.50186
1.94062,-2.27867,-0.117705,5.46154,6.09708
-0.335249,2.56954,0.806439,1.84087,5.04162
-0.981372,-1.87795,0.992905,4.55603,4.50632
-1.7145,-0.783017,-0.993347,3.96341,1.51774
-1.39645,-1.4585,-0.999815,4.30006,1.47573
0.794405,-0.612878,-0.0817103,0.556058,2.92162
1.44104,2.6208,0.134974,1.15737,6.10933
1.27808,1.75484,0.985282,1.47454,4.66679
1.62953,1.5673,0.965359,1.25865,4.8719
2.46523,1.2843,-0.626138,0.744207,0.589327
-1.00946,-0.220525,0.255775,4.3918,3.13268
1.06541,1.82054,-0.994,1.36484,1.22992
0.995307,-2.65072,-0.555645,5.10271,0.4624
1.20476,0.172316,0.622045,1.04998,3.60081
-2.03694,2.04702,-0.460225,2.42797,0.153308
-1.55429,0.264187,-0.905933,3.4056,1.83635
0.252457,1.18266,-0.612211,2.08755,2.1354
-0.646802,0.82412,0.304943,3.33862,3.06803
0.181255,1.04989,0.355757,2.47662,3.21131
-0.308246,1.52077,0.893879,2.50869,3.82016
1.63069,-0.806871,0.983555,6.16444,4.40527
-0.871396,0.499394,0.0932056,3.65204,2.8514
-0.877028,0.764774,0.54818,3.36326,3.2974
-1.47237,-1.23646,0.997007,4.13973,4.22708
-1.48689,-2.48353,0.446844,4.18957,5.28022
-1.59556,-2.52388,-0.167165,4.12455,5.86835
0.949914,0.559838,-0.441245,1.51708,2.5797
-1.29331,-0.731272,0.857633,4.24143,3.78011
-0.224132,-2.52754,-0.84329,4.63865,0.369633
0.283353,-0.962466,0.081292,0.0145243,3.00384
-2.13463,-1.32726,-0.858022,3.84318,1.10284
1.71182,1.83611,0.859995,1.22225,5.15855
2.25693,1.31074,0.79245,0.783441,5.3121
-0.927092,1.87588,0.995715,2.51731,4.32731
2.3699,-1.15991,-0.769601,6.15063,0.976717
-2.06085,0.358108,-0.995784,3.08254,1.37659
1.21099,-0.933576,0.88217,6.20422,3.93078
-2.82102,0.730461,-0.405576,2.94355,0.190394
0.0848548,-2.63777,-0.769093,4.83457,0.488151
-1.23183,0.115449,0.64667,3.92357,3.5214
-0.305446,-1.1506,-0.587059,5.63681,2.30598
-1.22717,2.73255,-0.0951541,2.03781,5.92407
1.33117,-1.10314,-0.962538,6.23108,1.60865
-0.22885,2.31118,0.946574,1.89223,4.80638
1.18506,0.0460155,-0.5808,1.07643,2.47284
-0.500093,-2.73007,-0.631348,4.48569,6.27209
-0.454133,-0.913948,-0.201725,5.61416,2.68008
-0.563722,-0.851192,0.203553,5.41531,3.05714
-0.755266,-1.82062,-0.999581,4.72839,1.61295
-0.892137,-0.537219,0.284753,4.89212,3.11188
0.996092,0.881281,-0.742346,1.34045,2.04333
-1.45792,-2.6208,0.0441364,4.16462,5.60812
2.07862,0.0862284,-0.996762,0.460472,1.22618
1.21643,2.70965,-0.242421,1.16708,6.28113
-2.25296,1.22243,-0.826296,2.73862,0.977918
-1.73765,1.66559,-0.913431,2.54321,1.05684
0.74348,0.689132,0.165193,1.80633,3.04463
-1.71069,0.845301,-0.995772,2.97231,1.58221
-0.714877,-0.702562,0.0680627,5.23083,2.96
-1.97881,1.91848,0.654415,2.37347,5.39174
-0.76773,-2.87722,0.209153,4.4562,5.37655
0.169978,1.41122,0.815627,2.31986,3.68732
1.55784,1.97803,-0.855482,1.15787,0.830204
-0.00703352,-1.01749,0.186363,5.89756,3.06755
-1.35205,-2.41349,0.642367,4.27083,5.07611
-2.68941,1.27855,0.209276,2.6566,5.67399
0.662919,0.768981,-0.174147,1.80899,2.71435
-1.03744,-1.72157,0.99995,4.57283,4.34237
-0.000377119,-1.35639,-0.765355,5.61927,2.13197
0.883625,1.47172,0.959006,1.72264,4.21815
-0.395332,-0.985836,0.347038,5.55941,3.17024
-1.62066,2.07216,0.776053,2.35621,5.2157
1.00754,-0.594842,0.557807,0.375365,3.60075
0.0105595,-1.09149,-0.417968,5.92677,2.48015
-0.15127,1.00697,-0.190289,2.89159,2.64288
2.59124,-1.0633,0.598776,5.98941,5.18837
2.60454,0.416424,-0.770351,0.357926,0.792628
0.706733,1.62822,-0.974356,1.52213,1.45418
0.131898,2.59035,0.804679,1.72881,5.04607
-0.311171,-2.75196,0.638646,4.61617,5.01812
-2.42991,-0.403161,0.886293,3.51618,5.1396
-1.12604,0.256345,0.534536,3.87576,3.38007
0.349021,2.00228,0.999473,1.8983,4.32226
0.0866785,-2.13198,0.991017,4.94229,4.46084
0.967207,0.875728,-0.718774,1.35815,2.07139
0.0456293,2.73112,0.681836,1.71974,5.13269
0.773405,-2.09194,0.973113,5.26105,4.54802
-2.7248,0.865558,-0.512016,2.90293,0.254284
1.95861,-1.91437,0.673932,5.5667,5.15233
-1.74232,-1.29392,0.985403,3.90689,4.59171
0.698215,-2.75203,-0.543785,4.98682,0.39461
0.840816,2.02643,-0.981013,1.44738,1.16041
-0.425345,0.962573,0.319345,3.17958,3.1031
-2.1309,2.08569,-0.190174,2.39313,6.06538
-1.53423,0.0559435,0.885441,3.75868,3.88503
-1.15093,0.201116,-0.555334,3.98694,2.3041
1.00651,-2.05564,0.957381,5.36577,4.60094
0.479236,0.914693,0.253379,2.199,3.09204
1.20819,-1.63069,0.999565,5.64205,4.37551
1.3933,-1.16678,-0.983173,6.18933,1.54802
2.1364,1.09734,0.915753,0.803557,5.13709
2.74946,0.162411,-0.656582,0.234499,0.684512
-0.74249,2.69724,-0.603232,1.94874,0.215426
-1.71797,1.23594,-0.993208,2.73841,1.36939
2.70663,-0.508402,-0.65691,0.0977649,0.691723
1.51081,0.727335,0.946322,1.12438,4.43247
0.576037,-2.89069,0.319693,4.92902,5.68848
-2.80483,0.436568,-0.54474,3.00159,0.245245
0.763498,0.811749,-0.464431,1.66352,2.52149
-1.97392,2.20857,0.272622,2.28474,5.59376
-1.58457,1.47121,-0.986749,2.61506,1.28929
0.0632109,1.56435,0.900733,2.27795,3.82853
-0.813035,2.84082,-0.296997,1.94253,6.17167
-2.62409,1.44435,-0.0965165,2.60251,5.80394
1.16725,-0.282083,-0.601128,0.786857,2.38771
-2.74272,0.72518,-0.547246,2.94096,0.266035
1.30997,-0.424405,0.782222,0.385917,3.86656
1.81186,0.351912,0.988027,0.579771,4.59051
1.71623,0.756937,-0.99225,0.932349,1.61854
1.05133,0.185638,-0.361424,1.26597,2.66675
-1.50572,-2.58087,0.154555,4.15983,5.52295
0.263799,1.39395,0.813685,2.27219,3.69304
-2.65945,-1.38509,0.0542363,3.61819,5.94258
0.460443,-1.57135,0.931955,5.61843,3.93048
-0.501808,0.888641,0.201621,3.27337,3.03538
0.0367465,1.35268,0.762639,2.40437,3.63127
-0.155666,-0.999434,-0.151117,5.82036,2.72681
-2.94876,0.450002,0.184143,3.08196,5.96403
1.74515,2.3771,-0.315493,1.09063,0.237152
1.91196,1.17074,0.970294,0.950735,4.9161
-0.230634,-2.85423,0.504293,4.6177,5.09722
0.776213,-0.933347,-0.618147,0.202724,2.43265
1.17649,-0.968774,-0.879457,0.0584069,1.79073
-1.56608,-0.0994089,0.902464,3.78821,3.89894
1.6317,2.35153,-0.506576,1.10997,0.35361
0.390715,2.5346,0.82541,1.69127,5.01286
-2.36609,0.711274,0.882301,3.13705,5.04813
1.52579,-2.04934,-0.831874,5.53939,1.06806
-0.616496,-0.850751,0.314189,5.35645,3.11933
-0.162075,1.05737,-0.366856,2.89128,2.52433
0.0787709,-2.11007,-0.99376,5.01602,1.14801
-0.929699,0.399268,0.153221,3.71865,2.90495
2.7561,-0.299651,-0.635207,0.107067,0.64458
-1.94993,0.936689,0.986586,3.15402,4.4701
0.521994,-0.855477,0.0656424,0.179983,3.02169
2.47192,0.226484,0.876022,0.304991,5.02216
-0.411724,-2.03453,0.997125,4.77431,4.42454
-0.998764,0.740336,-0.653684,3.34261,2.14385
-1.1984,0.0074598,-0.597897,4.10948,2.23309
0.399908,1.20058,0.678534,2.22125,3.61111
2.70905,-1.28495,0.0574725,5.89007,5.76901
0.327395,1.00002,0.319023,2.36577,3.14701
-1.73766,-0.708109,0.992333,3.83151,4.47311
-2.45576,-1.72238,-0.0296538,3.75578,5.957
0.704858,-0.869197,-0.473255,0.259743,2.54202
-2.69277,0.572368,-0.658106,2.96838,0.323398
0.788711,-1.43698,-0.932644,5.86406,1.73514
-2.80755,-0.424741,0.543362,3.40756,5.64068
0.964244,-0.271391,0.0584271,0.95104,3.04854
-0.614507,-2.88578,-0.31077,4.45166,5.83297
0.867819,-0.534765,-0.195794,0.641668,2.83452
2.46005,-0.93204,0.776033,6.04036,5.04223
0.67007,-1.96735,-0.996927,5.39903,1.29236
1.56323,1.51236,-0.984556,1.15026,1.27519
1.35044,1.34078,-0.995284,1.21263,1.53181
-1.09354,-0.979357,-0.846734,4.50069,1.74892
-0.344389,2.56931,-0.805728,1.91665,0.806585
-0.821555,0.722902,0.423966,3.41201,3.1619
0.67351,1.29812,0.843225,2.05145,3.76596
0.213354,-2.78434,-0.609866,4.88321,0.390817
1.74474,-2.26403,0.513125,5.40957,5.46727
2.00218,2.20884,-0.19286,1.02816,0.200912
-2.42121,-0.257068,0.900518,3.49044,5.12468
-1.18109,0.915995,0.862923,3.19876,3.7674
0.577205,-2.24717,-0.947379,5.19051,1.023
-2.64225,0.590746,0.706734,3.08686,5.4353
-0.156655,-1.29287,0.716418,5.43603,3.64803
-1.28667,-0.56742,-0.804637,4.25691,1.87527
1.50089,-0.206415,0.874521,0.446976,4.17964
-2.24222,1.23941,-0.827156,2.73209,0.976631
1.71944,-0.133466,0.961333,0.386953,4.47086
-0.995854,0.585249,-0.534915,3.51591,2.27256
0.574336,1.27561,0.79921,2.13115,3.68943
0.554952,-2.71574,0.635787,4.97828,5.00909
-0.247913,1.80539,0.984091,2.27597,4.0405
-2.20158,-0.965129,-0.914832,3.78552,1.16747
-0.96751,-1.26387,0.912838,4.74869,3.82231
0.446616,1.36512,0.825991,2.1673,3.71539
2.70038,0.593049,-0.644349,0.395682,0.715387
2.85365,-0.233008,-0.504947,0.0929954,0.566268
0.454549,-1.00857,-0.448602,0.115554,2.54545
1.97378,1.94192,0.639359,1.12999,5.39186
1.12143,-1.58568,0.998326,5.67249,4.28008
-0.115288,2.25489,-0.966188,1.87975,1.02105
0.02174,1.27417,0.688066,2.44981,3.56375
0.41071,-2.87075,-0.435922,4.91516,0.290574
0.0589361,-1.27319,0.688283,5.56109,3.65575
1.69926,-2.46832,-0.0813835,5.37195,6.07157
0.941568,1.09061,-0.829052,1.36556,1.91955
-0.0276067,-1.8201,0.983723,5.03491,4.18598
-1.02494,0.196694,-0.292207,4.0238,2.46532
-1.06059,2.05327,-0.950406,2.20362,1.03743
-0.198057,-2.00161,0.999935,4.86698,4.37501
0.967838,-1.42138,0.959884,5.80914,4.06591
-0.498977,1.01917,0.501368,3.12398,3.23823
0.759455,1.11466,0.758902,2.00025,3.71192
2.92456,-0.152937,-0.371192,0.0760429,0.448901
1.22155,-0.67967,-0.798423,0.259023,1.92768
-0.286162,1.11917,-0.535036,2.90685,2.43743
1.15946,-2.70665,-0.328405,5.12694,0.267163
1.00074,0.632384,0.57777,1.5805,3.48231
1.3728,-0.840711,-0.920721,0.114281,1.70881
0.384103,-2.45991,0.871881,4.97411,4.63466
0.820221,2.36475,-0.864312,1.41488,0.972649
-0.432768,1.46594,0.881859,2.62705,3.80508
-0.832911,-0.570301,0.137135,5.02913,3.00432
-1.84083,2.35,0.171663,2.24519,5.64449
-0.224914,-2.59382,0.797327,4.70062,4.82288
-2.00164,-1.31236,-0.919323,3.87274,1.15826
0.41353,1.49421,-0.893219,1.79095,1.67567
-2.30985,-1.91356,0.0309504,3.81247,5.8594
2.06569,0.182951,-0.997275,0.509152,1.25824
0.993261,0.84024,-0.71511,1.34847,2.08029
1.56019,2.50021,-0.321024,1.12021,0.187111
-1.76198,2.31092,-0.423243,2.30397,6.22055
1.11522,0.0836092,0.471902,1.09557,3.47736
2.502,-1.17913,0.64293,5.95858,5.14144
0.0741129,1.1227,0.484391,2.51965,3.36061
-0.15555,1.1928,0.603847,2.61595,3.46588
-0.709955,0.704247,-0.000139026,3.49199,2.80521
1.8672,-0.729272,0.99999,6.15099,4.51274
-0.918853,1.23476,0.887468,2.95806,3.78948
-2.65103,1.22451,0.391529,2.69378,5.61052
-0.604708,1.92226,-0.999885,2.08787,1.14796
1.79645,-0.270141,0.983047,0.274627,4.50454
-1.04309,1.18529,-0.907017,2.8517,1.80436
1.58612,0.918459,0.985931,1.14308,4.49192
-1.38973,-2.12971,-0.839712,4.17173,0.401559
-0.431951,-2.0283,0.997274,4.76713,4.42694
-1.89413,1.96096,0.687306,2.36929,5.36534
0.527012,2.12934,-0.981082,1.55905,1.14839
-1.79912,1.15366,0.990539,3.02468,4.40357
-2.27859,0.917626,0.889763,3.05873,5.00652
1.09727,-0.0324141,-0.431202,1.10902,2.62288
1.84156,-2.27116,0.382492,5.41264,5.62633
-0.7735,-0.734722,-0.359425,5.05331,2.49581
1.03309,2.80943,0.115139,1.21628,5.99711
-0.418119,-1.01691,0.434889,5.504,3.23228
0.0643299,-1.13652,0.507478,5.74703,3.45001
2.5445,1.30433,0.511421,0.707564,5.57954
-2.08577,1.97137,0.49311,2.36024,5.46206
-0.532031,1.01487,-0.520055,3.04762,2.41001
-2.71071,-1.28455,0.0258828,3.6028,5.95127
-1.07875,-1.5463,-0.993412,4.5404,1.59984
0.552466,1.20113,0.735144,2.15383,3.64847
-1.88473,0.363712,0.996755,3.49553,4.2478
2.94949,-0.145263,-0.302778,0.0603752,0.368605
2.97532,0.297341,0.140101,0.043337,6.17087
-0.896964,0.943298,-0.71578,3.16145,2.0712
-1.51277,2.58337,0.112022,2.13953,5.7205
-1.04676,0.705787,0.675321,3.35415,3.48016
1.10091,-1.18432,0.923737,6.03618,3.97214
-2.66193,1.08687,0.483636,2.75917,5.58102
1.63777,-1.47942,-0.978335,6.05676,1.36739
-0.978593,-0.502806,-0.43632,4.64584,2.34734
-2.56673,1.31559,0.467021,2.6802,5.59666
-0.043262,2.98942,-0.142956,1.71063,5.59865
1.23491,-2.47674,0.641006,5.27841,5.3625
-0.617632,-0.788041,0.0497521,5.36639,2.92543
0.701049,2.8981,0.190526,1.34948,5.78101
0.800565,0.853272,0.557812,1.85634,3.42872
0.706175,0.710014,0.0529062,1.82177,2.93432
2.20339,-1.4164,-0.785093,6.0879,0.984476
-1.28158,0.890026,-0.898154,3.06898,1.87418
0.598838,-1.26623,0.800523,5.91589,3.80515
1.90064,-1.46738,0.916002,5.77877,4.80807
0.438529,2.92724,0.280312,1.52184,5.51976
1.4946,0.310226,0.880771,0.794073,4.26946
1.239,2.64752,0.384576,1.20936,5.92965
0.352346,-2.42343,0.893576,4.97167,4.6152
1.40939,0.136919,-0.811768,0.921444,2.04118
-2.11554,-0.901812,0.954022,3.70734,4.86733
0.468102,1.21035,0.711896,2.18469,3.63442
0.31337,-2.98259,0.0445199,4.85298,5.99498
-2.82929,0.368704,-0.521557,3.02269,0.231249
-2.42053,-0.771036,-0.84143,3.65765,1.01885
-0.761901,2.72387,0.560106,1.93442,5.22474
-1.54117,0.431224,-0.916675,3.23697,1.79454
0.960312,0.283665,0.0515829,1.44669,2.97753
0.890096,-2.2681,-0.899702,5.31007,1.0415
2.03344,-1.33574,0.901435,5.86176,4.83924
0.0403408,-2.42485,0.905106,4.89826,4.59673
-2.95741,0.0813672,-0.285003,3.15057,0.0677111
1.25557,-1.87822,0.965812,5.51249,4.61632
1.08195,0.0259797,0.397189,1.08681,3.42179
-1.2581,-2.15685,0.867773,4.35687,4.86198
0.168557,-1.53687,0.891047,5.44601,3.84256
-0.702172,1.34334,0.874952,2.82335,3.78649
0.757466,-0.956857,-0.626255,0.187813,2.4286
1.0167,0.00121376,-0.182007,1.19573,2.84006
-1.9996,-2.18702,-0.268253,3.98217,6.12826
-0.742263,2.23541,-0.934706,2.03494,0.935424
-1.35318,-1.41633,-0.999153,4.34262,1.51252
-0.0146034,1.71062,0.957232,2.23273,3.94924
0.418516,1.6207,0.945324,2.05828,3.96077
-0.726806,-0.737482,0.263846,5.22968,3.07632
-1.73056,0.0333331,0.963107,3.67871,4.03966
0.918662,2.20923,0.9197,1.5662,4.76115
1.75817,-1.52712,0.944405,5.72401,4.76562
0.942362,-0.858711,0.688668,0.0349234,3.74655
-1.41304,-0.45489,0.85686,4.09162,3.79181
-0.798674,-2.82143,-0.361689,4.41626,5.89272
-1.15394,0.363853,-0.613038,3.71999,2.2326
0.852434,-2.54476,-0.729726,5.11004,0.647222
1.41504,-2.43244,0.580743,5.3166,5.41571
0.26388,-2.95818,0.243404,4.82755,5.70211
0.107678,2.49984,-0.864774,1.79044,0.982211
1.06382,0.16499,0.383697,1.18396,3.39218
-0.572452,-0.880526,-0.313014,5.47113,2.61092
-1.57638,0.983012,0.989832,3.14186,4.14532
0.855604,-0.670062,0.407416,0.367878,3.445
1.70128,-2.06051,0.740473,5.47986,5.14506
-2.93144,-0.631163,-0.0525597,3.38992,6.1201
-0.752533,0.729767,-0.306929,3.49383,2.49522
-0.648348,-2.73763,0.581761,4.52172,5.04909
-0.655495,-2.51165,-0.803152,4.46189,0.162937
-0.451953,-0.997335,0.425327,5.48891,3.22203
0.734947,-1.12001,-0.75093,0.0497927,2.2912
-2.25525,-1.1908,0.834949,3.68556,5.17123
-1.20145,-0.121523,0.609981,4.07056,3.4945
-0.994442,-0.106046,0.012648,4.35539,2.82426
0.766529,-0.642442,0.0172616,0.511333,3.00852
-1.62319,1.80081,-0.905478,2.49817,1.03356
0.546143,-0.83811,0.0264526,0.208467,2.99683
-1.67529,-0.0514846,0.946086,3.71826,4.00181
1.62361,0.964872,0.993784,1.13199,4.5221
-1.56153,0.518436,0.934995,3.44141,4.02442
-0.259821,0.981255,0.172955,3.02046,3.02415
-1.88106,-0.332989,0.995969,3.6809,4.51033
1.80205,-2.37485,0.19322,5.39201,5.83954
0.992229,2.09001,0.949562,1.55955,4.72253
-1.10465,0.173361,-0.471567,4.04648,2.35768
-1.62549,-0.927196,0.991689,3.94244,4.36471
0.187339,-1.49653,0.870711,5.47705,3.82585
1.81383,-0.705298,0.998548,6.15866,4.48979
-2.67936,-0.881905,0.571264,3.53141,5.58341
2.13553,-1.1459,0.905876,5.9421,4.86299
-1.02033,1.68734,0.999604,2.61618,4.23997
0.22754,-2.52213,-0.846509,4.90862,0.611135
0.187753,-2.17171,0.983701,4.96033,4.49825
-2.34566,-0.783046,-0.881112,3.69614,1.08585
0.902125,1.7377,-0.999114,1.43024,1.3304
-2.25545,1.95832,-0.160811,2.43887,6.06042
-0.513446,1.9563,-0.999746,2.05192,1.13048
2.69031,-0.5681,0.661845,6.16095,5.27866
-1.80123,-2.31079,-0.367875,4.05067,6.18881
2.14212,-1.37767,-0.837203,6.10984,1.03191
-0.303733,1.01772,0.346833,3.02437,3.15166
-0.979363,0.468845,0.405269,3.63524,3.16254
-2.71801,-1.2246,0.193268,3.58163,5.8399
-1.3466,1.74216,0.979403,2.59056,4.51894
-1.71504,0.480789,-0.97576,3.13257,1.68197
-2.24675,-1.61746,0.639971,3.73519,5.33069
2.95142,0.530138,-0.0518451,0.163314,0.0254498
-1.59952,2.52706,0.135814,2.16821,5.69392
2.99839,0.0041767,-0.056685,0.0163976,0.0234666
-1.70343,0.187652,0.958149,3.64071,4.04939
-0.801875,-0.646575,0.243421,5.12812,3.07231
0.867924,0.573956,-0.281834,1.62161,2.67838
0.087091,1.75187,0.969278,2.16589,3.9911
0.726875,-2.05982,0.982868,5.25727,4.51997
1.58506,-2.48792,0.312416,5.33985,5.70424
-1.86167,1.5853,-0.895433,2.5708,1.02082
1.17207,-2.74516,-0.173109,5.13018,0.149825
-0.45898,2.6654,0.709579,1.86042,5.12049
-0.717941,-2.53698,-0.77119,4.44701,0.136896
-1.74238,-0.511635,-0.982917,3.96429,1.61257
-1.86133,0.735612,-0.999999,2.98132,1.51592
-0.686745,-1.03048,0.647987,5.09965,3.51809
2.92489,0.246672,0.353915,0.0505672,6.043
0.85444,1.39321,-0.930752,1.44965,1.62171
-0.807992,2.85987,-0.235727,1.93986,6.1228
-0.615951,-1.32106,-0.840122,4.96919,1.8092
-0.570221,-2.02114,0.994984,4.70768,4.46083
-0.432626,-0.930901,-0.22877,5.62966,2.66885
0.300657,-2.70507,0.692182,4.90722,4.87732
1.57939,0.862489,-0.979702,1.02359,1.69855
1.2069,0.947012,-0.884834,1.23574,1.89833
0.648676,-0.832469,0.328111,0.138577,3.33111
-1.86505,2.34792,0.0544137,2.254,5.70509
-2.6628,-1.21989,0.370262,3.58286,5.73275
-1.58511,-0.034892,-0.910048,3.80892,1.89189
-1.15169,-1.176,-0.935251,4.49521,1.65305
0.982418,0.515799,-0.455162,1.46969,2.57043
0.265379,-2.12319,0.990192,4.98558,4.49513
1.05761,1.03658,-0.854707,1.31785,1.93038
-1.16533,-2.533,0.615412,4.32758,5.02838
-1.06592,0.752725,-0.718915,3.28466,2.08098
-1.10017,0.0535341,-0.438911,4.14256,2.36631
-0.654108,-1.2204,0.78825,5.02149,3.67089
-1.51093,1.58879,0.981292,2.67854,4.52642
1.76449,0.525129,-0.987275,0.833589,1.58326
2.3592,-0.539629,0.907463,6.18998,4.98495
-2.52395,-0.362074,0.835306,3.48051,5.24544
-0.0655297,-1.3266,-0.740747,5.62379,2.15253
-1.43921,-0.286699,-0.846424,4.06434,1.90551
1.18791,-2.53738,0.597749,5.25747,5.39323
-1.76656,-0.759405,0.997021,3.82451,4.51432
2.01777,1.96168,0.580626,1.11051,5.44657
-1.79461,-2.223,-0.515347,4.05258,0.00897945
1.39913,2.65219,0.0526696,1.15577,6.14355
0.628178,-1.25908,0.805265,5.92501,3.81132
-1.07141,-2.31684,0.833458,4.40239,4.85095
0.949245,-0.377153,0.205894,0.768643,3.20397
-1.95157,-2.05431,-0.552498,4.00221,0.150581
0.269716,1.71429,-0.964352,1.82671,1.54054
-1.27492,-0.478437,0.769817,4.19669,3.6792
0.325603,-2.36528,0.921832,4.97152,4.59089
-0.408208,-1.67197,-0.960315,5.12227,1.8038
-0.566849,0.865351,-0.260331,3.29215,2.57058
-1.01654,-1.50291,-0.982627,4.59517,1.62978
2.71904,-1.17118,0.278118,5.92904,5.54244
-0.981418,-2.26052,0.885642,4.44937,4.77554
-1.0585,1.1662,0.905166,3.03463,3.82054
0.865522,-0.543509,0.20871,0.589695,3.21648
0.512527,-0.966172,-0.422627,0.158465,2.5629
0.659946,-0.848772,-0.380325,0.275305,2.60126
0.811305,0.644484,-0.266391,1.67957,2.67494
-0.275311,1.04955,-0.403575,2.95748,2.50539
0.282259,-1.09567,0.495592,5.98851,3.4802
-0.282529,1.79789,0.983658,2.30158,4.03467
0.900467,0.449626,-0.113665,1.57262,2.82063
-1.10775,-2.48521,0.693022,4.3588,4.96195
0.607908,-1.90057,-0.99999,5.40884,1.34115
-1.85918,-2.29889,-0.291423,4.03568,6.14193
-1.6517,2.43555,0.333391,2.20699,5.59891
-2.04826,-0.807592,-0.979442,3.81437,1.27584
2.14392,0.291668,0.986515,0.390892,4.82706
-1.36986,-0.569044,0.856194,4.17744,3.78125
1.85167,-2.33218,0.20917,5.40333,5.82315
2.62981,1.40414,-0.193021,0.737362,0.0910779
-0.79893,0.719486,-0.380335,3.49464,2.42979
1.46382,2.47035,0.490437,1.20953,5.76979
-1.14118,1.07153,0.900622,3.10794,3.81723
