x,y,z,theta_0,theta_1
-0.14775599951084567,-0.17181984705377112,-0.9739846532502294,1.0890638439048455,2.0846512203881016
-0.09364411752419805,0.7493441484312551,0.6555258396622907,0.8311826106366481,0.8629014388711346
0.9670165608970116,0.25460267100356226,-0.0075133793174642395,0.23131882803128043,2.569716575533541
0.9864102604899232,0.10280476990432025,-0.12816386887544243,0.07587740285778675,3.3406101617932036
0.37904176503368436,-0.902706310952862,0.20358943127290255,2.9359150625895425,0.5230306097000261
0.609458092499464,-0.37213150685110435,0.7000564085098009,2.609648551552436,2.271994681072333
-0.7122414208533244,-0.5642905443275458,-0.41747855035122444,3.377719603516013,1.2436226552763059
-0.11373891408139208,-0.8779920426434145,-0.4649660551894409,0.148424329610413,0.7690532412531355
-0.41760065195747,-0.11742154804432034,-0.9010115845756764,6.13810269140593,1.860058083336821
0.811593100195094,-0.35076930607053547,-0.4672018125334182,5.525166516067845,3.814096617650423
0.19994812576349627,-0.4553373523575179,-0.8675763035904742,2.7568230692724023,3.3421551450124753
0.39909691982116274,0.006867740536828841,-0.9168830256522252,2.9482797946927706,4.463023431783618
0.6212890616171203,-0.7764520932748089,0.1054611244207343,2.998951324591013,2.85290712562769
0.7575137067845887,0.1622697456119906,-0.6323302251928908,2.3888426429833975,4.376775313912365
-0.06684832108631432,-0.5201012911772523,-0.8514845558691573,1.1394488449619355,1.4330933363228333
0.24885639175910132,0.4934225303286148,0.8334294828266804,5.9604742439166305,1.312241760903397
0.4644851637519174,-0.5391678954268287,-0.7025322150587536,3.3314964899934374,3.72278021145593
-0.566191276536478,-0.15092741895538053,-0.8103384185520643,6.227501212045508,1.830036450699606
-0.10368578918961677,0.32108864626059885,0.9413561166544053,2.755549759650119,4.288853134352095
-0.8335526487311103,0.44008875656534224,0.33393392780327225,5.840743361632151,3.503123034807937
0.878178851277964,0.15793149099232845,0.4515080833396623,0.4501782557835069,1.9783734548564773
0.7045862603215549,0.6982687315178367,0.12640799164039107,3.1734606709947935,0.8949599809879034
-0.24470694069285356,-0.4492866815762282,-0.8592205717596414,0.670759779019682,1.4888235408798178
-0.439271496095263,-0.5826837587146584,0.683754480825089,1.8766693401099048,5.146686821451823
-0.7383813444839823,-0.6541528976559686,-0.16394199158948441,3.3733969147813148,0.5932598150442717
-0.7271667821990929,0.6519016763965585,-0.2150643512476525,2.8959948286882526,3.0842131634154626
0.6840020460695817,-0.01199211983035253,-0.7293815119912215,2.982589890754793,4.222757748472391
0.6291339106746636,-0.07612552511302333,-0.773560228337439,3.1522437388840827,4.151451024851213
-0.393630102531596,-0.9181916010598045,0.04449186582059685,5.0873451217007135,0.17296289692545125
-0.5798885316104605,-0.8030109379574338,0.13748717913822547,3.402883796866194,0.08481282563137249
-0.3769175348584089,-0.9254926114699122,0.037371085492158534,5.269932408438291,0.17462912148818252
-0.7463084423454559,0.6259672018843482,0.22624935590842876,5.6336838953884385,3.387886146587198
0.4331218353281787,0.4918812203278867,0.7552869261748802,5.914116861524986,1.3126879464106112
-0.178181077966953,-0.9839617780028367,0.008409689889107824,6.168223690230619,0.16422728329031708
-0.9580629360255278,-0.15392945254117074,-0.24170464260026284,0.27931540843081065,2.1874709567845136
-0.32278443281432406,0.8116543681991415,-0.48685459483914456,2.9790716986549555,4.365816546187009
-0.9187198215669194,0.08198177441544512,-0.3863067150901505,0.4927066364865548,2.310357527328625
0.7627540938611792,-0.6351505343973016,0.12161410671806845,3.1095382054094673,3.1016172562212985
0.7385590234838892,-0.324886578864268,0.590744682332728,2.5679023207469793,2.308790805483749
-0.6223288068350965,0.7738474809147796,-0.11775794013592074,2.982800684671982,3.2338246683286886
-0.35620434002512913,-0.1718182413810053,-0.9184753453827712,6.158495408582653,1.8360951144501183
-0.3411036596859552,0.7033191588497903,-0.6236909925144595,3.068762316502153,4.316785545579389
-0.4763476309870068,-0.32067204189509335,-0.8186955331500826,0.10394555033405736,1.667063197614626
-0.49469552624799146,0.8026074169363395,-0.33331317194044346,2.9485055431326805,3.4747636407883986
-0.7222031550061678,0.5851868032803712,0.36875331614188533,5.74400689596041,3.4808098294089755
0.7588052069881155,-0.625538174302283,0.1814294638097397,3.020290707765324,3.0061361020669812
0.1353028377426551,0.9362434087330681,0.3242551799164816,0.0870371520830406,0.6468911542426105
-0.7121603708120176,-0.6961186663927126,-0.09080973815908178,3.376527752005094,0.42091578020429715
0.5401222267390237,0.3149334260027242,-0.7804389260977859,2.636708110558579,4.921802858802163
0.4531763289774108,-0.7928333188172888,-0.4074880899213142,4.295765461243043,2.993071876141669
0.23093494482863033,-0.9727222228695339,0.021920957842900653,1.1740082100554423,0.19207724331842727
0.06674303207820419,0.9977540869256565,-0.005670069854692677,6.119341411497277,6.250750716407278
0.6127439787651049,-0.6014207181654997,-0.5126772242341212,4.700011759923312,3.6528762608756757
0.708575605936489,0.2731962585552613,0.6506031163337171,5.941501760381144,1.705094954774852
-0.5104684124228323,0.8494901737452903,-0.1333733280259199,2.9749813176463245,3.3277519348307822
0.4239050129623448,0.5856148925200485,0.6909122503213605,5.884021064385448,1.1917070362719724
-0.8405439667621996,0.2711291467628184,-0.46901473933697707,1.193798026110727,2.4799662858346494
0.13422101510628448,-0.44804277570002626,0.88387917174626,5.661957140481128,4.792092726945797
0.07648353670455098,0.6257246922108551,-0.7762853071975497,5.918516211172834,5.308704079179271
0.7980946946364457,0.2705697795287796,0.5383649810295112,3.707465062960295,1.7486481011077564
-0.23219129252181261,0.15875466662581245,-0.9596270939805613,5.805734107186411,3.461856955018833
0.2700920258418197,0.8055700637907951,-0.5273586729169778,6.1600017616747795,5.580518482452715
0.5651626089899372,0.3624254682812405,0.7411066086203866,5.928160243396184,1.5769778816826139
-0.8350394838147575,-0.4613404557851898,-0.29979000037742554,3.3071396907224853,1.4759630891655044
-0.15116262583379564,0.47853506965058845,0.8649589861175722,2.5677819734275125,4.447055188578901
-0.24113451615192802,-0.45194944786386626,0.8588340012457134,5.970828094290341,4.902233067311902
0.24943873601900196,0.75981444056124,0.6003851537870106,6.209569969565516,0.9641455956761662
0.9141834922507586,-0.34798309121722865,-0.20778910155036856,6.031413161937534,3.5097423942900887
-0.4616595622804748,0.5229198469536042,0.7165370068719548,5.833122046600271,3.915185000131121
0.7853377091007634,0.6130942268714489,-0.08579132614236118,3.0528485580080944,0.6489801200791315
-0.45730416536229446,-0.48154334117907127,-0.7476556098287446,0.6366234437211952,1.5342894690982096
0.6371735249064995,-0.3138648201841564,0.7039167378383566,2.534736377610808,2.2475172098062774
-0.7208466881544657,0.2834292503357734,0.6324934088437917,5.763234951466497,3.911329599316951
0.6569743559264623,-0.1927031470529699,-0.7288691190953912,3.423831260627916,4.041837003723444
-0.6801713395567593,0.00044525512297924574,0.7330530339569157,2.892380475552403,4.418410158482427
-0.8910162521574907,0.45238440386374523,0.03792610620750263,5.9354836462740055,3.1874699126033215
-0.6358064986717769,-0.5986687445629567,0.4871815170243521,2.273474376169445,5.569864167203449
0.8855990245844708,-0.027293558322691418,-0.46364795840068124,6.268757063232903,3.983623430817875
0.7803350669565668,-0.2592846206815608,-0.5690770323567008,5.234559883664755,3.9164173117379577
-0.6949458681864342,0.17822169389544484,0.6966256298153561,4.403208661708304,4.105230059357622
0.04755767976195824,-0.9785535477480739,0.20042759611719435,0.07418378659120825,6.215043471936473
-0.7095225197130792,0.011490786393234557,-0.704589068782697,0.45823291157616064,2.0351579763391436
-0.9470543861645317,-0.17642180873696864,-0.2682598274965866,0.34773140235693106,2.126206406972871
0.1551721615144426,-0.6784502378414476,0.718071636442924,5.750400730682167,4.969534624939638
-0.8579080644011371,0.5098725608227624,-0.06343283657170688,5.872062387661428,3.134920784321129
-0.09201073561624787,-0.9407795245705098,-0.32629420877521303,0.040709693288876164,0.5271381021425721
-0.22917280047923935,-0.9199440934856827,-0.31809227023193803,6.078329318214268,0.5142267525450795
0.6922922144458028,-0.31489054866923083,0.6492884044679355,2.5455331341036014,2.267904557546835
0.7472498455041898,0.6582274324720361,-0.09140194492042006,3.0721973050182116,0.6090840264713879
-0.05819194647144265,-0.43878268391981046,0.8967070054694524,5.658872072466868,4.83951578922509
0.8320808115555726,-0.40812545835251757,-0.3755996981968532,5.6598499086447145,3.714256690810971
0.8410398552477629,-0.1718235283134786,0.5129606583381705,1.2680118290839055,2.233113323710112
0.8996451696915726,0.08336681113521911,-0.4285890146186275,0.1417913602817361,4.014718943400555
0.5529941373991459,-0.6381590621677395,0.5356776039516359,2.923791150799846,2.593958411558472
0.2611363906715656,-0.030998972109796134,-0.9648040470453902,2.952692125798785,4.4342600964718235
0.6480637110510675,-0.17855924409170454,-0.7403580368768327,3.379797717708961,4.052377496238991
0.5206575204060805,0.7050438271693924,-0.48148618694094203,0.28861850285203117,5.586647211183209
0.6624852493403506,-0.11506974088538321,0.740183929262872,6.276700785927029,2.0134505734306396
0.7200845644081966,-0.5961970433528455,-0.3550032473068143,5.360708296347151,3.5502573933281685
0.43898862285560347,-0.8978882769211528,-0.0329489175983676,2.968871756908646,0.6492835877736812
-0.6134580074084395,0.07754505941056493,-0.7859109599105226,0.04269464698852312,2.1096604883531453
0.10954070168575263,0.9849958676908801,0.13335657203933723,6.2433281613685105,0.36945202883213035
0.1886707957190134,-0.558141258489514,-0.808010932113233,2.516325761984438,2.602935090181238
0.6183342909050269,-0.3222842963527318,-0.716795324353753,3.582256943748145,3.9722015267969706
-0.08079290962481323,0.7944400386977885,0.6019447903821522,0.7251882981292591,0.859947534802934
-0.8333066530959434,-0.20801984505491797,-0.5121794275147773,2.9507748524976813,1.808895747168606
-0.4488985386893313,0.16881018286403354,-0.8774925778170403,5.9767364405481915,2.420870683938638
0.8885117474096694,-0.4111856633873584,0.20364976047055344,1.3555523882816287,2.920745526314614
0.6844275383707202,0.17807410240173027,-0.7069996879586401,2.6238175267845683,4.586259802947018
-0.05046729137484261,-0.4444789334134626,-0.894366552512401,1.5394072885270955,1.5579871115933894
-0.5647532070623783,-0.4939579731743317,0.6611046330576309,2.574672257250055,5.093370062327521
0.9631273604099752,0.17349408751290885,-0.2056343580916792,0.09799823727838516,3.4424349667389365
-0.1311594725352709,-0.6697081960419032,0.730950152143475,6.0543278169593115,5.104464010945938
0.868406194339441,0.08755142507518328,0.4880629361057788,0.37606703700478483,2.0530098906401135
0.040021504660706114,-0.8004425236862948,-0.5980719400201021,0.29926319500475485,0.9336983775775332
-0.5554118966355267,-0.044620454729337164,-0.8303774082280142,6.211944074342208,1.9350858267217828
0.6800985339790727,-0.32471797285881926,-0.6572854951860532,3.9167411053210723,3.9452391696038815
0.9149784472464892,0.403357090684659,-0.010839671065646704,2.9435499560485887,1.6526665002768584
0.520365516026358,-0.8051567316680613,-0.2845037208548027,3.5719610893538856,2.9664638962655756
0.6830722146922553,0.30424339198837824,0.6639640863381269,5.909553062218941,1.6740953813408244
-0.5574344633043089,0.8279385944479325,-0.061518313892848266,2.985166799471988,3.2717943113208174
-0.900178994580595,0.42153013999133654,0.10949940088764547,5.9207247305719255,3.249243518629942
0.9522687033642694,-0.20619487743934742,-0.2250955110851964,6.106362664776135,3.5472912525917066
-0.7953602469767124,-0.3278800810277862,0.5098006767299896,2.7444692856517903,4.910271928713558
-0.05154148952175599,0.9244190045281558,0.3778795825723481,0.32762774257638994,0.6697566900764764
0.048536785918575465,0.927145479405292,0.37154466815044696,0.1892033359884012,0.6725175937957732
0.6405585213768276,-0.5427989806962276,0.5431887768047758,2.874859500234274,2.511930107256027
0.14789850302285906,0.9679892376822528,-0.20278774256578855,6.045668708626596,5.921268538631502
0.45932867854990295,0.456765563156332,-0.7618283175204758,2.310409423007316,5.136554003286745
-0.18408768991967864,0.7495231969646772,0.6358668882965097,0.9029932766665102,0.8714256552300795
-0.8151950100972146,-0.4899019143090656,-0.30895502887785314,3.3136123507400392,1.4422463806925239
-0.8707055014052686,-0.30786413587057143,0.383525232112916,2.821706513014225,4.853717606376984
0.07825257816202275,-0.198697648517804,0.9769318187491345,5.438134000314426,4.657537143256981
-0.849705865735205,-0.33936521650932366,0.40352347088957,2.8185165601104885,4.899800933151168
-0.13907749854370413,0.5648754851963129,0.8133714622625114,2.3251760570111615,0.30719090190076065
-0.19604612871946614,0.11946669552617384,-0.9732901027310239,5.784175252609985,3.524206317014583
0.40603901386751273,-0.8900017219119957,0.20743493970684038,2.942371746696742,0.6213820658794099
-0.41518188479771256,-0.4231169408444091,-0.8053546156236318,0.4886598149686521,1.5700915493315821
0.6451251574343062,-0.1696311625343384,0.7450092616488808,0.09880317177586359,2.052244220569239
-0.2664211143348097,0.2858457856173681,0.9204955060625706,2.804300866334453,4.334403545864695
-0.34358022284486905,-0.11790281242895939,-0.931692844928634,6.131789826009798,1.8631981668232653
-0.5647478243357054,-0.37824720273273693,-0.7334772992621839,3.2357725745351784,1.6550805041673804
0.432201777346679,-0.608508009481866,0.6655220702987912,3.2122919621725314,3.405169696016409
0.566300630847567,0.734572970595751,0.3737728539792337,3.402698820752203,1.0326622199311295
-0.22338615514065735,0.14873389226521996,0.9633155531720186,2.8457863313646357,4.424893720665756
0.724633571153256,-0.4601285900509787,0.5130183897048697,2.821794141919405,2.480861769645556
0.9463591021893616,0.26252117847436873,0.18838014904913453,0.38597991191803305,2.183484001134044
0.43974200621702325,-0.8946881222651378,0.07848650741311744,2.949468030663441,0.6630010076796243
-0.17039946230840433,0.10021977312226703,-0.980265280584969,5.765528485253364,3.575582565908284
0.39573134712980035,-0.7219373626439501,0.567629408432589,3.133465576065549,3.723752744679253
0.9708146020778079,0.06080021518117026,-0.2319964271846249,0.07253818318306327,3.4917269731071485
-0.4083909617593162,0.4629578820437968,-0.7866936009697947,5.727680785282573,3.856545444161269
0.876550057441106,0.4721080426317976,0.09366959422548136,3.040863424453774,1.4272631139150926
-0.554649621068406,-0.7903954972111723,-0.2600745197765001,3.538264522671312,0.6372200281399946
-0.14590396459864893,0.9663790180915066,0.21171590990497555,2.2244255090890177,0.46521338108580723
-0.07506377639013545,-0.24483075200073123,-0.9666557465555192,2.3432346035068843,2.013500371122238
0.6965192769042149,-0.2567038637019796,-0.6700477768497595,3.7361509150662267,3.992808120302627
0.6967662759517713,0.7128609575614681,0.07966185963713752,3.1655735315857294,0.8368828975766667
0.6441172622923607,-0.7326625361330233,0.21981483244795058,2.984744824905903,2.8371599571716715
0.5114799584043437,0.2005198675998019,-0.8355716814543493,2.745792765952501,4.79506517684076
-0.7045087237031213,0.6551883382529752,0.27275575088988363,5.652789645016461,3.414708725221637
-0.6609313304761048,0.31215747311766834,0.6824422967342207,5.668433618618233,3.9530326515400156
-0.9023002828338083,0.0633191193951439,-0.4264327481761375,0.5270077729086915,2.2951420378186143
0.9881834758838192,-0.14721891699296896,0.042661557280421813,6.223407951100558,3.1125492859922805
0.09375344378404465,-0.5757419820737574,0.8122385498462956,5.72267942420943,4.871758945187511
-0.3303231241236815,0.8521244617595062,0.4059193704915336,1.0742751460497253,0.9876300612503617
-0.10068446102193813,0.8036264478203273,-0.5865553440830665,5.83315964217566,5.439685524410198
0.23481038833337867,-0.27276806671912535,0.9329853499970076,5.645080009386416,4.589793528589767
0.6969632435610353,-0.6438020426862162,-0.31584991207523927,5.2984689979457835,3.532743801394366
-0.7595737507622257,-0.05117447210536148,0.6484048816578589,2.8279902887817117,4.482654243566222
-0.5558943011605998,0.8258106111515474,-0.09496504855301342,2.9824697678912138,3.2764354629904355
0.8145317311930593,-0.026021115621994915,0.5795351244069893,0.4585586815199256,2.1054534569364027
-0.217280954671736,0.49404999377331854,0.841845348261498,2.537909530075909,4.387515673238351
0.2431704836080659,0.5404847649973916,0.8054466678232233,5.980510368936838,1.261494807667582
0.5784160490368813,-0.5424981456834912,0.6092049213085344,2.8864753079507364,2.5062995710208615
0.35700111502240084,-0.8644044315972664,-0.35405533819979257,3.8320173404664004,1.2044888851287576
-0.2786111464067121,-0.4912462408160559,0.8252593289275991,6.282479926783079,4.926552918904482
0.6961685739578518,-0.18616140235658832,-0.6933204518158392,3.5322756716481103,4.0366829108981115
0.7836226710343871,-0.39485403947907427,-0.4796100467546425,5.50169848307956,3.8072994286173087
-0.010522773733036337,-0.9561444485266783,0.2927064481431483,0.06118623969919693,6.148120384331058
0.5563001397193793,-0.6664493084773994,0.4963622404838984,2.9265254713788518,2.60475947339273
0.007838868773073172,0.4372055801276531,-0.899327433608917,5.180160237905865,4.931441586034591
0.5598596178414542,0.6876497105434348,-0.46227165595562003,0.4281666333663487,5.598938575503415
-0.4646049928905698,-0.8458918394712219,-0.26193357268045264,3.6225718371945974,0.5749775134367885
-0.15863644986598224,-0.7017933328630035,0.6944930487218395,6.06714136520976,5.1190119962942475
0.04356162448773629,0.07587562153625314,-0.9961652849444598,3.1476375562136414,4.500258218259638
-0.4958114778577064,0.38181771606779,0.7799911602840981,3.176102544862097,4.025193094177476
0.797681916791961,-0.5044279992291225,-0.33053888306341117,5.550495862578649,3.5846585077098827
-0.9009675618447811,-0.36592332362740804,0.23314710748568546,3.019825002217977,5.069738035819612
-0.4321496999768703,-0.23172566121692664,0.8715215744566964,2.8261702147945296,4.777443320642525
0.1653534132791628,0.4515250883091626,-0.8768029102052144,3.158798252812036,4.995499862271979
-0.9826137632933248,-0.16210703754288744,0.09050690893848135,6.1205024938552866,2.8858582881783628
-0.8224757827072594,-0.12198811404194602,-0.5555650159005426,1.737020863321651,1.8970090104137505
0.7754317010914675,0.4848602835332732,0.40449497202613904,3.2140654894418215,1.4460334494250175
0.7670249516831675,-0.08740000425912954,0.6356366593824956,0.3620596427995001,2.0997357686197353
-0.7763982501305519,-0.373695569082173,-0.5075011121589469,3.2793902391990795,1.6085376705684193
0.6936300112639217,0.02794633709706818,0.7197891425388889,6.21233315873234,1.9426677046594139
0.10836273937929237,-0.7563129251414155,-0.6451730589370973,0.3537963830944846,0.9941338138837318
0.9899029427217453,-0.13602832854042998,-0.0398554616749806,6.208191098521688,3.2115964864563162
-0.5705699314446633,-0.3614414227972355,-0.7374347776024279,3.2589097459119274,1.6609990167213962
-0.3912934465828983,0.8358768848694342,-0.3849665855658735,2.964545949914433,4.018128873603054
0.3703151083591797,0.8941423595603003,-0.2517462241243502,6.055641545934011,5.907067702357978
-0.4306346856925293,-0.813656619859154,0.3905338300811757,0.37356035250982744,5.881763249353453
0.31460373142097825,0.875699136021897,-0.3662997615976567,6.077693139522457,5.808474253158496
-0.881657762926081,-0.4681472373447837,0.05931065029676465,3.2107513154027965,0.1604925951502088
-0.7631200949346543,-0.5710135664791286,0.3026404262548383,2.8986171951549915,5.7566082006267525
0.79785597988409,-0.19195608269076703,0.5714706446364626,1.5414296118642132,2.216491923550751
0.8184829383967783,0.39947485366538105,-0.4129231415680141,2.6398926734321044,5.220800382421096
-0.4611905386177031,7.875012486401988e-05,-0.887301121879112,6.081279315211369,2.0052359318969923
-0.03153676582955631,-0.8499641117696329,-0.525895846251585,0.21232405604317406,0.8312139019586436
0.4396123881270861,0.8934743697345741,0.09189395427668709,5.654608590760397,0.3458244694545903
-0.4998188104110334,0.4238168385398632,0.755354515528553,3.587947962403987,3.995318626358196
0.8759136179571257,0.3653680212995712,0.315089737834945,3.0877001808721474,1.6788711719604656
-0.1474498193357026,-0.9655172593359579,0.2145576209372421,0.03984063189130221,6.210365928247135
0.2987864413577803,0.18378904960691872,-0.9364551498632165,2.91061365744011,4.698866322246886
-0.7905019574689487,0.6124469274331319,-0.003926361607969965,3.734871114558117,3.213080000906947
0.6592353131824502,-0.671589155853956,-0.338196403872968,5.205391796847108,3.526037800202764
-0.9379122950975906,0.16490463692521312,-0.30516714670051537,0.3878155566194691,2.428913693765868
0.3367624023729232,-0.20601354069117622,0.9187760910036256,5.743009945902486,3.7761029310148384
0.07384261999982648,-0.7358875711688134,-0.673065190060239,0.3758534256391558,1.0131726512843047
0.4891941539328497,-0.2879662074351109,-0.8232645644829868,3.1544653170864576,4.030905813514631
0.6412622818920057,0.6609249160677949,-0.3898216786473479,1.7904512276759288,5.670142486124233
0.8578430634665836,0.4273804053721267,0.28539668457468764,3.1036662027267345,1.5894927161673054
0.8022693826402636,0.3795299999414854,-0.46078283043362894,2.624704594672192,5.175193988248736
0.6190605897041757,-0.6688161779884391,0.4116417208399252,2.917627873867491,2.6249962846745247
-0.6129197309618617,-0.6870851862263375,0.3901837391101253,2.124486265919119,5.732423099643278
-0.992100433717836,0.021373827025428272,-0.12361184787539035,0.12472271978995944,2.4744388979495304
0.38400492517482065,0.635960494857656,0.6693985856138969,5.943771534796653,1.132129157391927
-0.4314833325284927,-0.8304295115409952,-0.3524329157611281,3.625830654086342,0.6482412702232129
-0.4016973145440455,0.8820047757188537,0.24638758714114795,2.766842903352335,1.0709399725976174
-0.24255064526164036,-0.9668308182927413,0.0800459448226461,6.15772730589222,0.1055837792890902
-0.5000368796604459,0.12719835204077462,-0.8566117546575904,6.031050359662924,2.271481893340369
-0.9511279683755712,-0.04467354061059961,-0.3055484618568249,0.37268139996342003,2.2653215633766854
0.24468058678459473,-0.9613456731122251,0.12627710496819852,1.8385860139740637,0.13669626923183417
0.2552809351041289,0.16825243359841766,0.9521148894753046,5.879265758199681,1.6082650464328736
-0.7247190992293278,-0.39108720270352854,0.5673032937448548,2.692725084792367,4.975619808852436
0.32525515692148543,0.9448549686094241,-0.03818600777855554,5.964997438734704,0.05212378226769425
0.2838629485124904,-0.7422271420354695,-0.6070590548601135,0.19550939213908286,1.3276089911902968
-0.8857004858855683,0.062173858401513946,-0.4600750597821368,0.5651592755847888,2.2903096460661376
0.40209259068506625,-0.028608489090581102,-0.9151519561625413,2.953903589985336,4.4367738992220325
0.40349354293113837,0.9003173025071776,0.16316162422296768,5.809719828395372,0.4625426755088067
0.9618877664496942,-0.22761302834479719,-0.1515395462647593,6.118847510078833,3.4505548127556223
0.29826300692762553,-0.9002754955195137,0.31708549456824003,2.904627370568203,0.022512620964595925
-0.9911081821722498,0.11723910299314654,0.06292506623421847,6.086985918093889,3.1111649615220727
0.38325705970388474,-0.9085232564767178,-0.16643172362285127,3.02856798942315,0.6643542491359866
-0.7626028795924166,-0.5751970094566087,-0.2959480500857005,3.3575357749098966,1.1931892970127995
-0.2216772013271207,-0.3267224155851172,-0.9187555069581903,0.528421167671084,1.687943448256707
0.22165852703882805,-0.13356171733291794,0.9659341411576976,5.643166587920958,4.408889303547398
0.4836844808261102,0.21028539695050247,-0.8496054230272696,2.7568117080699177,4.802646262708757
0.16036452141173163,-0.27120747160959235,-0.9490678203455843,2.8724661273946848,3.8883175527630813
-0.6056369630727962,0.5558724268899247,-0.5693941639878879,2.8154300108296253,2.989509054401708
-0.31351848486318007,0.6101347156107468,-0.727627506665113,5.302191520579868,4.709119302093745
0.807661760970384,-0.030326515837528874,0.5888656742444531,0.44287289169532074,2.1038438160764215
0.13967977691650238,-0.7035922094405052,-0.6967406710786909,0.4215305643557256,1.059752988330326
-0.9434737292519872,0.0859848705386136,-0.3200998660571507,0.4040244862232907,2.3517331502841525
-0.20217979776277475,0.10683994999962243,-0.9735032380329722,5.787971487178697,3.463887242142676
0.36269448268557314,-0.3513476944204588,0.8631381754127623,5.65267391264323,4.264578193119924
0.7982477879484292,0.48445258542496106,-0.3579192108709874,2.7032615993123925,5.425022792895522
-0.18799908918724187,-0.7031315089449839,0.6857568254078974,6.075222755112585,5.120528151135747
0.09320513518638594,-0.3711840677846123,0.9238696826921835,5.637321487275542,4.773170630106437
0.2709121244903871,-0.8483330323094653,0.45490404163596165,3.075178106696585,5.59511677471304
-0.385244176727175,0.7890558174641304,-0.47851629149258235,2.966140727418973,3.929826463609397
0.28883083181309693,-0.9572512608117569,-0.015709050526883157,2.437569745211623,0.259661158399037
0.12735849510230335,0.8149916191031921,0.5653038780309525,0.15777871899921542,0.8825063989015279
-0.5951508734982534,0.6985372251568897,0.3972923141018196,5.7419309062482995,3.4816347862632457
-0.6561329929712152,0.37453521277362967,0.6551433964616047,5.7183368283194564,3.915905161444808
-0.9624943514034953,-0.25623655293395764,0.08914848544360106,6.030421495140872,2.8449830379034116
0.7212532589837223,0.6168998734718,0.31500521029950745,3.230568824039285,1.143712656233544
-0.8020771137343599,0.530858937166579,-0.27360755189491553,2.762059406829145,2.973397293958382
0.7868147634881432,0.0014865243407431485,-0.6171874255058035,1.7454229417275344,4.172788865603405
-0.03243695659300187,-0.9183316144382253,0.39448053154784013,0.054174670028898884,6.067803940031945
0.06404035699721039,-0.08599398427260797,-0.9942353178923953,2.9698245990504026,4.097894590712125
0.5289685929439035,0.630744538103046,0.56776188259879,4.8242068246391465,1.1509150790194538
-0.048523799772820855,-0.1623854813047554,-0.985533559203861,2.914484310274892,2.425455164319415
0.4200867447551289,-0.8769021077859659,0.233601841263226,2.945923822394687,0.7004783443251454
0.97553986393942,-0.11186979448312724,0.1892277013213467,6.273886757904898,2.888018340085621
0.3414864852998062,-0.5107887819650789,-0.7889751584024788,2.929426009547804,3.6419680666276517
-0.8732073037393391,0.45111412551990887,0.1844045835999791,5.861257157625183,3.336727974432915
0.8498051994687142,-0.10904444415548765,0.5156941265466958,0.7548468270547225,2.177040486242934
0.9841103768146626,-0.16231168171334748,0.0719839164333803,6.225873919404883,3.091925333310935
-0.9381605509393188,-0.02167831324207287,0.34552110123147667,6.044660863633648,3.5594024904229866
0.019677636845219948,-0.9085357757812293,0.41734342541100067,0.039632219950313546,6.033002480816744
0.6930827163658042,-0.41674975604178943,-0.5881802352290556,4.495213562374804,3.8662818488740824
-0.515683614256064,0.07787063509828493,0.853233012826621,2.9045925272949353,4.3926120437918605
0.6153417425611863,-0.7087924468182188,-0.34491710191755515,5.022323433501671,3.4987599373695955
-0.29540066968898415,-0.9405925656372699,0.16740391218605907,6.211960004179946,0.023352475368576365
-0.16578407963542402,0.585371982960115,-0.7936342233704254,5.735918753241537,5.080968291789464
0.013249088856721342,-0.11896511202025523,0.9928100340782595,3.9991231715665276,4.62621014998516
-0.8590066929727139,-0.4087414538034829,0.3082822170847629,2.929411478955821,5.094581901711322
0.8287062689999615,0.5544407709417225,-0.07642873306363171,3.0319712185437027,0.7706720191973357
-0.769197767358499,0.6251779836912671,0.13223949258229273,5.441204556726763,3.3330965590442863
0.2909711013861084,0.14536948735032268,-0.9456233554146489,2.925138632063188,4.646445915012192
-0.8447029802989469,0.12744612003648959,-0.519840707872827,0.6864074300424554,2.308541080906412
-0.2829991726740365,0.13635492841907007,0.9493781131675836,2.84942782195738,4.432307128174949
-0.48430115042159694,0.2516228265954438,-0.837936959941759,5.964498730947124,2.53970046436895
-0.5974347997848214,-0.3599425824981672,-0.7165982119086124,3.2791286598912377,1.6616409404216614
0.7095896662095253,0.6892904766566514,0.14615452233544005,3.177714206917273,0.9274375016689468
0.7651226556420382,-0.3381485176184467,0.5479442506822405,2.5939661623576606,2.3545705301473308
-0.2852394128899825,-0.6485064443305731,0.7057463205684429,6.164154238518038,5.114154731018312
0.3091701655366959,-0.6184418480677559,0.7224565656844366,4.433142627822436,4.501185915009481
0.6805896611263029,-0.5156892770186081,0.5204443128097467,2.863852828378744,2.508283506030767
-0.8248885291725304,-0.476157802128996,-0.3046845285065577,3.3099113252507175,1.4605555972577513
0.9552660981358778,0.24666727197256455,0.16316230780994803,0.25252226857707577,2.2890941211928673
-0.1868221405280663,-0.7569102579569893,0.6262462368813049,6.113135072111323,5.211330804756284
-0.627542870861548,-0.29062112873169327,-0.7223083169710585,3.2818804294308515,1.691007963234099
0.2512411454467249,-0.48584250588225086,-0.8371588536906677,2.8042193494159684,3.4936825325500296
-0.9762868310991966,-0.20000819835573164,-0.08282960830997015,0.009811695032016047,2.3021662169074393
0.3580766143922118,-0.8531693772524177,-0.3793193271428878,4.177230157122955,1.2988438969550333
0.12197489927692767,-0.0022915537158201735,-0.9925305399472355,2.982430265163175,4.406306846178032
-0.5902658901519124,0.806503977676334,0.03372703537848809,3.0065968971491115,3.256077513306034
0.46049946804634195,0.850530222154584,-0.25404444715582736,6.063554402627372,5.918828397721738
-0.4993523234785164,0.4043252907796395,0.7662690886839734,3.3320664562323645,4.00933990930068
0.018077944014938424,-0.9432299964102884,-0.331647948602189,0.09153055737135395,0.5440719146016982
-0.877496512118938,0.3523526238191024,0.3253421271629185,5.893126097591856,3.533935603078713
-0.8418244337389015,-0.5222958541221663,0.13615676085664838,3.1597086566672776,6.073986230974521
0.6381967381400869,0.6573971821153545,-0.40066677972368087,1.6629926860319746,5.653097486300631
-0.14914442177199322,-0.986691454254311,-0.06477588714800063,6.165852077293727,0.22383760240144074
-0.1811890129309021,0.9471615478237795,-0.26468007842901153,3.056509557208063,5.69300223206327
0.31027738910362546,0.7926434363187911,-0.5248279000508413,6.188043577831831,5.569322048692936
0.36941946161852746,-0.4300663742544612,-0.823754924181397,2.969727571510484,3.780358737674585
-0.40863027332135454,-0.1750430591561839,-0.8957573483743015,6.157972235604587,1.8306315464429828
-0.8281776194630395,0.08091722386969612,-0.5545937553757296,0.6845527747447828,2.262536451442374
0.44475344288706853,-0.32818150833225324,-0.8333614297703406,3.088355391905199,3.9829305346231516
0.6134270718673758,0.36806673338082485,-0.6987375095689269,2.581690061528631,4.9736878275507515
-0.2194737248017762,-0.6237715246168349,-0.7501602290169904,0.5365622885804439,1.2647211131398657
-0.45524564986818133,0.853544786919259,-0.2534022395304625,2.9602909330741354,3.5752626930319127
0.3848135211291966,0.7600702762075148,-0.5236522979821455,6.266133253456819,5.5564667996956345
-0.06030556331798993,-0.1179870836730681,-0.9911822673551138,3.0330182587132573,2.498720775982418
-0.23227999752585157,0.2708535465074261,-0.934175764561327,5.79525725934118,3.8800342549696243
-0.09549916362967643,0.17398197049000705,0.980107230710215,2.8363163300122616,4.367721818172102
0.8070336135808197,-0.2981466241310731,-0.5097110329097544,5.492062540274355,3.842546003681991
0.12396141596636076,0.3758675308949801,-0.918344797214274,3.3356065515365825,4.906660283765146
-0.9648926279931528,-0.07394827878002076,0.25201957961622634,6.062467892860158,3.4660257258618077
0.9833521416791747,0.14950376032937818,0.10328209478102249,0.09517917096599905,2.5996065390138585
0.5048833175302889,0.8340724768016088,-0.22229696156636775,6.052487128614261,5.964206725653704
0.6575806478894684,-0.5914496708053195,0.4666636673510659,2.8911175448427557,2.5706958314657884
0.11863335140607635,-0.4712853731315824,0.8739658031103892,5.671773581290054,4.807043043144201
-0.9165616605281581,-0.3419733726846437,-0.20728949521033416,3.290307564068138,1.7017121697375281
0.16677786626163701,0.9539447287908778,-0.2493483461691978,6.048106848185633,5.880133348367313
-0.9345168154719882,-0.3547867700049615,0.02836669578115565,3.319667888417333,1.7558820447699044
0.8448753597286691,0.06460541814426374,-0.5310478005507195,0.3215456793991948,4.124044295794654
-0.17470481908947041,-0.7377710911497153,-0.6520521783190928,0.31370858381629135,1.0385657956184442
-0.20218994707000196,-0.953704126347059,-0.2226379677692525,6.103106592828172,0.3848742863963342
-0.5683451829097079,-0.7427252579424335,0.35403805484393375,1.6421734204971892,5.801145659198148
-0.1845955657660175,-0.15534440638800662,-0.9704599901610997,0.007301437376358009,2.031813483387985
0.617863302308165,0.30856596061144037,-0.7232095046477114,2.614524819785294,4.9018773759941245
0.017783522877308604,0.7873762051878578,0.6162162427411668,0.513048237512624,0.8709479295737795
-0.8409622421601659,-0.4243603360189898,-0.33570941672046783,3.301961090972057,1.5140603908372043
-0.7814853472860411,0.6126034306348793,0.11831182845173217,5.454173061294664,3.3231740806858054
0.4573077035879817,-0.022939259306022555,-0.8890126290562906,2.954696683427598,4.426957242574759
0.8828127991725317,-0.45861723074113114,0.10154702006703717,5.9645565302485855,3.116297041804356
0.18968636468208222,0.26813028399723177,-0.9445238132822592,3.0352338992090604,4.7941146509727455
-0.6845911743217594,-0.43421703255774036,-0.5854831275771358,3.3169293359795176,1.548110472406151
-0.32973970914978223,-0.9383031225568064,-0.10420640292210394,5.170284059828204,0.29044212489065635
0.6532645400045652,0.7556304241897892,0.04762460300499209,3.1703093743340767,0.7605908743161387
-0.2537562683630366,0.611582001320594,-0.749383221007225,5.607971957150841,4.950524302432891
-0.21179714473766198,-0.9738737089596811,-0.08192660421431033,6.070884698027398,0.2423534910701846
0.6731067017113728,-0.4819163719819919,0.5609670030643081,2.841689675951984,2.4611612233947073
-0.49673578436067073,0.7641071384104066,0.411574831064594,5.933772660072002,3.3736034630654794
0.06699110923435257,0.9627832741718899,-0.26184071161377204,6.039073096259825,5.850367272542669
0.4359270147524729,-0.8999489895986733,-0.007710637413626064,2.9586887846179195,0.6196902949710162
-0.6899221868406131,-0.40791751151128786,0.5980055851808614,2.672604419232613,4.99989219915701
-0.8712029403921756,0.1290857362563914,-0.47364787484709836,0.6402316393017106,2.3172670849825763
-0.02682734399308063,0.6939128741545922,-0.7195590432318878,5.88833820285028,5.341296933412493
0.31110105096991886,0.15279082962031382,0.938014444701865,5.899441286509018,1.6329039801636327
0.6617261812253415,0.07470296652315268,0.7460146968214281,6.171537645918814,1.9037622959146436
-0.5812922332972662,-0.3194262962783866,0.7483756949247811,2.701371278753932,4.910341697237796
0.36125238607528665,0.9313497146471145,-0.045655477017006695,5.950246120399403,0.05757889478759857
0.3649805544118394,-0.056554991803817165,-0.9292958236230788,2.9555653575671084,4.425639499448011
0.682173880152125,0.5463641018850235,0.48592701654627724,3.3402070969611137,1.2973586435625912
-0.777768491948636,0.24147430831134373,0.580315716965776,5.830317294484597,3.8494410439351823
-0.28942414944871747,0.22549292595731146,0.9302615772238993,2.828076321952123,4.377512345303385
0.04120202237737545,0.36919322459596976,-0.9284388812756842,3.8788792557746774,4.890146044495864
-0.006098965468023146,-0.7801014474759742,0.6256233165940266,6.0418832862752545,5.279131931469763
-0.5853974150367754,-0.7421391070097987,-0.32640375658830867,3.500348034059872,0.7597021531409638
-0.1430612793488935,-0.9319468544001562,0.33317942752323715,0.07938085135924469,6.097013432725073
0.5193026276577469,0.2975408842517832,0.8011205921123401,5.963594820619091,1.6095049704587985
-0.5221570439315857,0.6932371583964636,-0.496763790640003,2.919948613025323,3.3020848292485097
-0.1603463023158883,-0.020085612160761112,0.9868564391631385,2.9397015673427527,4.573960650510884
-0.34191578793191546,0.1695826224815624,-0.9243026171742528,5.887955880395619,2.7892692392554905
0.6167133738608762,0.16089839956234875,-0.7705688285412342,2.7033706730822717,4.677734307007193
0.3442236626457965,0.9380920377669065,-0.03864451776184766,5.9560200434299295,0.05999880483591617
0.8459205024815353,-0.3044021406325986,0.43790163308633434,2.3986806446698763,2.48320561755746
0.2725130791098069,0.4451385453483434,0.8529878646025704,5.946557432715983,1.3548128024094002
0.43035311504579626,-0.5765469306450897,0.6945428951001555,3.2575757780806125,3.4440589129242154
0.14815259386017793,-0.304170331347615,0.9410266831819294,5.6182190482380845,4.703315210318845
-0.7703160642607667,0.6267837940321264,-0.11728272115062582,2.9581205032794857,3.125524387011437
-0.9609738633321762,0.203523981135485,-0.18736921597529002,0.21597718454751916,2.560392031288971
0.4411595405278468,-0.8794162744430604,0.1789001845889125,2.9471454672919615,0.7335259400376426
-0.38954761794207954,-0.8371827842548789,0.38389795402281146,0.3016570050618007,5.911074001075969
0.3076772571065632,-0.5060452595178468,0.805762310348962,5.450475820375275,4.612344455795795
0.046897582550588984,-0.9817980307528684,0.1840468515370486,0.07582543917927193,6.226019753787294
-0.21054861690118212,-0.5444532813469564,0.8119358991641712,6.053042217887357,4.965857383472449
0.8419583735104056,-0.5125090685353051,-0.16864326830557597,5.702989558630774,3.4459221266067916
0.3709666968678539,-0.7535529899937013,0.542716870095731,3.131400312049102,4.184175256606489
0.03786633440074772,0.07925512534272006,0.9961349134660227,3.1971966495671804,4.24484365120898
-0.006010910441435439,-0.5387244400772411,-0.8424605905436338,1.2152766306194565,1.4289861742444845
0.7783848854130289,0.47150462008922517,0.41448807388761044,3.2119702394515737,1.4702396683889252
-0.5284494955906262,0.26568711551969065,0.8063197177651302,2.9908219551221467,4.165748416831564
-0.4896000085709681,0.3712136004483943,0.7889818086936149,3.1049420154328256,4.034908402046648
0.19730191834365404,0.6366129796293872,0.7455171810128238,6.114516050924572,1.1145067228264804
0.8293743033874756,-0.34106741587944583,-0.44250568663674467,5.555683028957852,3.805149459984381
0.8132019673697377,0.5509850075308241,-0.1873981903387702,2.977506047829863,0.3618917655519138
0.9993951527236675,0.030775034632130674,0.016193392350847303,0.02377906779788415,2.982837658481467
-0.15170063466243683,0.307598299618864,0.939345625163921,2.769476671081436,4.318505374193801
0.8817715468555641,-0.051335232824193534,-0.46887485859963896,6.242304521693573,3.973709079989461
-0.0873219666702701,0.9430476555272765,0.3209922016830679,0.46896211212419203,0.6228796153696183
0.4148894636553874,-0.7469443912402698,0.5195582829119827,3.0689203326227723,3.4076464625270826
0.32868878889251996,0.6266153989263398,-0.7066235361808666,0.19094091557837445,5.361694645914391
-0.5753056691621764,-0.34699463474693293,0.7406875930422374,2.6879337945528126,4.934004088131332
0.9659964807635534,-0.25834362471992617,0.010458045658715739,6.1755891579430555,3.2265315107433006
-0.08539478053470563,-0.39985500353855796,0.9125917529775345,5.623107804812549,4.8351523524142515
0.6218555936851783,-0.07654298336515634,0.7793823145927907,6.218135141177108,1.986540161215083
-0.39822885855180584,-0.2015123868216009,0.8948779437297509,2.8565186613000315,4.7529667971160166
0.7688003290264923,-0.08079746402220472,-0.634364109874083,3.5433316564189963,4.105982883043911
0.3864086895182768,-0.6346088027772212,0.6692981339451276,3.3276997908427535,3.797233763950625
0.12148559992719696,-0.6772663667572557,0.7256386962323298,5.792063677919495,4.991366806815118
0.341665781447513,-0.2881543604139318,0.8945566266940836,5.69504915463553,4.293764424271387
-0.6466636411967187,-0.70169000625159,0.2990940826576901,2.6111392381116882,5.844427934521386
-0.5978552461392851,0.7572541387425552,-0.26293587435153426,2.9362840649365456,3.21078048515917
-0.9692755704873555,-0.1740802388817992,0.1737841732933911,6.0787578701849965,3.2534115202641365
0.10728626644796523,0.7213258731872374,-0.6842358085501853,5.974987458190939,5.406690353836186
0.021228499800435792,-0.12143503386742574,0.9923723511595031,4.225598121686533,4.625677838943103
0.4311718522587278,0.7852158551594715,0.4444399786539884,5.693179462588352,0.9513675199537797
-0.8378695943392488,-0.4415952277027122,-0.3208865808225274,3.304548470325886,1.494327513179524
-0.5322227785231689,-0.1221261741781429,0.8377494324687351,2.846932143701227,4.62402763427594
-0.4266139982579602,-0.7984741459451907,0.4247817495461115,0.3928022782504169,5.86538393760905
0.06206630742553572,-0.9406158100777554,-0.33375091208014224,0.09968476248277418,0.547814822177867
0.3951353869875763,0.32616531366696183,0.8587690109166206,5.93424176688381,1.496106558340586
-0.6622791029866808,-0.6617879419088306,-0.35131625309858916,3.4321290145050596,0.9699931743698786
-0.7998726041470129,0.4801538137168158,-0.36007795309942725,2.6234800768615987,2.851111677931739
-0.25590171896483205,-0.22333576427627191,-0.9405506082215765,0.020560808372226017,1.8298370837338058
-0.3156800201061139,-0.8595870390999257,0.40181618573326056,0.21406871637181513,5.953640832574539
-0.533363737658442,-0.31760363451453966,-0.7839968460996328,6.27063089705497,1.6721804889324623
-0.046187872994118265,-0.42787815622190933,-0.9026555067224808,1.6268435994328738,1.587275949782264
-0.9425273515492302,-0.1192208596573823,0.3121355125648936,6.06327640527302,3.5923410223132546
-0.3406196663306936,0.0809434594169455,0.9367104137813267,2.866009655637719,4.461385596947284
-0.11222878731590638,0.477111597222041,-0.8716474190255106,5.694444490985424,4.953695298310263
0.11159522572206418,0.8470331374976204,0.5196935342843692,0.17534474263754388,0.8349915415397661
-0.2830189667417593,-0.7908221988278686,-0.5426790159067162,0.09293719423084965,0.9059285278289632
-0.23129563057622346,-0.6515712310087561,0.7224660976115636,6.097419879426135,5.1021173681643734
0.07357866543761,0.20633319696909638,-0.9757114285591475,3.198152354284619,4.70967913504076
0.7787358383190104,-0.1392543418013576,-0.611701497796972,4.441301161553886,4.0470283364364885
-0.148024248122492,-0.2739282891116847,0.9502905420933727,3.5808421810559006,4.796691610906075
-0.969613185678966,-0.19265351119273705,0.15078094966737945,6.081134840430736,3.160317483457301
0.3666247896032031,-0.56838634139031,-0.7365617629020292,3.0431313053406153,3.6346079516842997
-0.13657924129263266,0.011595264547721989,-0.9905612856799912,5.651928439573901,3.0577852686055653
-0.972100368765996,0.14805512822415393,-0.18193557115513137,0.2180469868268919,2.5128350445392806
-0.051517335439434216,0.9900234329663246,-0.13114711711202165,6.050578102936278,5.96714457993745
0.5549701311929078,0.8292791461321922,0.06560679289516363,3.311623419206012,0.5296392538081482
-0.22265526049128118,-0.9053579924572065,0.3615958247400219,0.1155853680908676,6.049489281943108
0.4023985099360205,-0.5992850900679866,-0.6920497236640412,3.2372189698059755,3.6262794710545045
-0.4083120657879421,-0.8374442316149238,-0.3632745736586489,3.656408382026361,0.6509604463999062
-0.3042573053176623,0.3288471248138812,-0.8940285569613974,5.80539325077961,3.9255569118833797
-0.104938495108496,-0.054069942734065686,0.993007730854649,3.000638730482926,4.600627130829896
-0.9109185128836297,-0.38344799200430213,-0.15229937725987366,3.3030479105513995,1.5976198592462
0.8608979622449938,-0.3625285631926244,0.3569702221081033,2.516818846466597,2.665181897701375
-0.6873485618893124,0.5857511464000724,-0.4294735718990111,2.795750837729909,2.9574869025549853
0.3564101000585678,0.6007825316986553,-0.7155642460198777,0.42674056983819686,5.325232535949392
0.5654549136338191,-0.5518844647608317,-0.6129308918654863,4.013202490971496,3.7548803102566963
0.19303077466642488,-0.15025813630066873,-0.9696193131879798,2.9387226091336673,4.249448431604785
0.8841197395126972,0.2766531395589344,0.3765572022630629,3.0030491950300156,1.7992598474959114
0.0645712225133771,0.19143450148097027,0.9793790833307909,3.105552144763053,2.0344672336329697
-0.37802366906530127,-0.4358198335396948,-0.8167981258057834,0.5182283403927558,1.5371198426620287
0.1795000834801911,-0.7207792062204251,-0.6695200190516026,0.377234737639418,1.0604394589800112
-0.6248708074454237,-0.49543170570301587,0.6033936517620189,2.58666388286793,5.135073757507833
0.34521472790554397,0.8980083487724596,0.2727779264751126,6.046139533237665,0.6500819516001904
0.328766577531579,0.2996895958281392,0.8955996224041962,5.921599636666023,1.4907839848159492
-0.9620208553458647,-0.03611887376834218,-0.2705758689116927,0.3315104504067596,2.2867899797719495
0.39592646878333493,-0.9069410877738185,-0.14387527454153345,3.0142055804683032,0.6499566947968946
0.18575914414575898,0.884871750840194,-0.4271949495619592,6.074484060251996,5.713727629063485
0.7065708730514019,0.3607581983490994,0.608778386343743,5.41079931065182,1.6265810731473973
-0.7408431863701936,-0.2461039604003516,-0.6249673702555364,3.0601298573311952,1.7641496734805389
0.34700160375640865,0.9065310694467273,-0.24039822611295014,6.052953370317124,5.916125117717079
0.8640361274290242,0.3896288401929036,0.31879607492468853,3.105614023446781,1.639311852284936
0.08193758161755219,-0.5565433048924135,0.826768276180271,5.716899621155594,4.862181854766835
0.3375790099016696,-0.7032715953710074,0.6256592325045052,3.3397439047391853,4.314062464597905
-0.4476974944012695,0.3324798228683454,-0.830074768254197,5.872199736367649,3.077368400411319
-0.18739985193580752,0.6592918794351741,0.7281589889613898,1.5452030092210414,0.835179959424478
-0.13782311248526188,0.8009508197559326,0.5826513314128565,0.7805764713933738,0.8610639287861901
-0.6410141716192267,0.7652940106873297,-0.05853126505909372,2.9981822043056896,3.23590989150621
-0.8803645898293878,-0.46194209755540794,0.10755318442818783,3.1723391080064474,6.099117078138404
-0.9783897588945385,-0.17278464683895767,-0.11357352467465072,0.06528790691718744,2.293439559250942
-0.2813577668984997,0.36108564194657994,-0.889075343368556,5.793184559114668,4.120679938044232
-0.6063974646346005,-0.7092868015234451,-0.3594361529804278,3.4740874149598717,0.8440322278101361
-0.2533647156543488,-0.5032405201121538,0.8261690503635681,6.1325831376411415,4.931248425326994
-0.9153535846596713,-0.3510124891843198,0.19727657612427718,3.0830689466753642,4.989968765038461
-0.45203503449327226,0.3870828858149611,-0.8036362156472466,5.810200779640584,3.4567494120792275
-0.7081867717284244,-0.6984889612656753,0.1028818124785447,3.3007109635632084,0.12051444420807597
-0.8140188087198794,-0.5303486035270858,0.23686227598994777,3.0459053346189258,5.76787534022918
-0.4207021200708873,0.6599483216551099,0.6224772597552977,0.10258622020243194,3.6528873692456756
-0.3236843432928285,0.9319890017883313,0.16317152463797108,2.736141094969925,0.46611650147711525
-0.7691024921717127,-0.22737467946864737,-0.5973124070968144,2.9980411780500926,1.7853137368120104
-0.2599511935557178,-0.22157262437133854,0.9398568769223086,2.9778238939376633,4.779925150473239
-0.7007178199977245,-0.5856300498431198,-0.40747022156027746,3.387652400149028,1.1930923038059547
-0.6615145488148564,0.5993687445922613,0.4507278665804608,5.7671383139969645,3.56492731828149
-0.8488138554685579,-0.3722252882193031,0.37545089369271567,2.8484888690883126,4.94547632003461
0.5301773155973734,-0.047530954015752795,0.8465534964999646,6.142675373792837,1.9663282322406386
-0.7627204456308919,0.3705409728912057,0.5300536852295743,5.8422166756572596,3.7515086516014664
0.5376282988310783,-0.8127208062904273,-0.22459007840650178,3.3442417358458143,2.799302227747264
0.3729878590714482,0.20911015960525509,-0.9039651531641926,2.845707889540961,4.75586199629411
0.6726149914076375,-0.6706884775719626,0.3126756136731913,2.944271658763293,2.7386962041811302
0.2023636752357379,-0.07762253430150108,-0.9762293199416299,2.9537340961542466,4.356358923331129
-0.03319165138732337,0.44443863269963524,-0.8951941778420262,5.487638165349811,4.936848787997175
0.29996163690158717,0.022851769485200547,-0.9536775204536991,2.9470860348937142,4.490849583965751
-0.9836136945078271,0.10541266553279117,0.14626096513401915,6.061081284672334,3.2178022796360253
0.33572026286983236,0.7461897315837204,0.5748850229199105,6.100926465720926,0.9849341911349512
0.5030442187509491,-0.09062749790129263,-0.8594958816686666,3.0025186329807356,4.293235056466334
0.7463299243577043,-0.5589066216503543,-0.3614070174797539,5.4199545137480944,3.5658368888703125
0.9408798321166594,-0.23739160353571515,-0.24164099008005382,6.089922595059392,3.559152514685155
-0.47789512357624186,-0.3652869193246872,0.7988627650806663,2.694452509009761,4.909269099583624
-0.9518779839498758,-0.09094675066542182,0.2926721582503562,6.060659206291119,3.5382868089177446
0.48755236611590685,-0.8520582144512315,-0.19049800387657595,3.1870891956113154,1.8061586785689927
-0.3088005498274583,-0.43849361518154173,0.8440175175144657,2.0744168585224037,4.907336108613745
0.008403643075829,0.9272847581135061,0.37426241616468864,0.233738050680772,0.6706786536983564
0.8598966661453308,-0.37669926919250374,0.34449293772438805,2.5478513683621644,2.6885745730667328
-0.8413511504665931,0.33495374167785874,0.42418655394123744,5.879756609028942,3.6451839896800133
0.14695143226107701,-0.9855998111652058,0.08365577557783309,0.2180281324148565,0.07698686443129285
-0.9978677436911806,-0.005880859504138738,-0.06500293525807048,0.023483276062933073,2.5490369555920496
0.13300815627617293,0.29885697934812616,0.944983246549338,5.88380319170868,1.523045651429224
-0.2816270050238239,0.9487095180584977,0.14365403017849576,2.7022163113044995,0.4033719379421966
-0.8768312904358905,-0.4426865117475699,-0.18760474522063603,3.305077304223817,1.4491631232546738
0.3627529337572853,0.45572857845467746,-0.8128479389345595,2.278712360254534,5.127323527224421
0.7852171612498967,0.0679468259181773,-0.6154813063987392,1.8753386108437957,4.225895364654852
-0.23456817883360978,0.10345278222118294,0.9665791697162629,2.857568478358905,4.452933179564619
0.029385838054392727,-0.38269048400135963,0.9234091541546716,5.636429384836918,4.8052727572415375
-0.0821015535401994,-0.07161321768280823,-0.9940477261979932,3.360628260199164,2.5502238696893094
-0.24063824213562676,0.47860788863028697,-0.8444096904718315,5.729739248758198,4.767622799068777
-0.1908520495607617,-0.9140942521584102,0.3577809292701517,0.09984841346345107,6.065931695134802
-0.8218917414759197,0.08022125979892063,-0.5639667674339987,0.6923853482486019,2.254234146997657
0.9449137491727977,-0.0029605153376048954,0.327306037177964,0.09159449537049855,2.4337265383136093
0.1326054711384283,-0.803494055842886,-0.5803560038883931,0.30098309074509944,0.95888211369461
0.4747872721620167,-0.8555765845386117,-0.2063146969612075,3.20809935982784,1.7399743316802765
-0.05620856450190092,0.9357233185272672,-0.348227610107174,5.949474392710895,5.7238317576585995
0.49652051608475867,0.7045461066438351,-0.5070327018249796,0.24437515130598295,5.566220046544449
0.26150433558588043,0.7930092676496463,0.5502288468369856,6.212029823131729,0.9421302337949274
-0.8377547383412038,0.3797511564387758,-0.3923723455727652,2.123919520077957,2.6788074962646355
-0.5571610929633574,-0.0426137898741439,0.8293103046510633,2.8796858989300707,4.496926281993455
0.26689376964758343,0.7356553375935764,-0.6225583827990624,6.20115517266107,5.491246234609049
0.11470656052970028,-0.602448574337488,0.7898722176720576,5.729669140187819,4.888098716426974
0.4882964984182012,-0.5303638352472597,-0.693022894206491,3.425186594224588,3.7396307925524925
-0.36785248937906956,0.8355417410999127,-0.40811094684821664,2.9677310115670372,4.148003178516497
-0.25290584339970457,-0.01282542394953448,0.9674058832128316,2.8989263707673913,4.549893618905472
-0.35214344367278166,-0.23729898167803096,-0.9053641192210149,6.208539148242422,1.797423011952496
-0.12715708565037465,-0.725298853589881,0.6765889805118819,6.060579948735196,5.135878826858589
0.4443989999207931,0.5916705952044339,-0.6726332103307343,0.7862427322907527,5.336186477910588
-0.19261395268259893,0.9805311188585658,0.038191493581093,2.7344534073679787,0.20056954945522976
-0.0484043384291757,-0.39732623071299383,0.9163999598475758,5.632058180204644,4.829823237201371
-0.5888889347157527,-0.26898350311040914,-0.762140208638672,5.766146830445657,1.7029752857779121
0.7839220458357028,-0.5699607393707932,-0.2461929763999473,5.507376069604359,3.506404189799275
-0.9466855957698566,0.3217432757539127,0.01635992875942317,6.052993964340416,3.119742850310909
-0.7931987664651723,0.527386731018853,0.30446502725826646,5.76744899809684,3.4421005094586925
-0.32845844825242954,0.885913771630041,-0.32752379609402665,2.974761908447597,4.805463427330023
0.10095845026240902,0.8586586306057902,-0.5025064650398061,6.051408965401885,5.644076309664198
-0.3378107075351499,-0.46969597478132524,0.8156406176428574,1.864957913643627,4.926819543971737
-0.016486320249197023,0.17815795082891106,-0.9838637841698841,4.25572354481213,4.557126154442662
0.17601563023473274,-0.20667739617361452,0.9624463371139009,5.593835264871374,4.614192628768738
-0.09221467618939279,0.7067854261594175,-0.7013920550333715,5.853133304408238,5.31912870997366
-0.39042739557051764,-0.7471193774592708,-0.5379396663315451,4.308760996806551,0.9080742890622496
-0.8061297156277054,-0.36816133025107906,0.46326247040932494,2.773465763223368,4.927251872053955
-0.596456049804916,-0.6229609189967906,0.5061223903897056,2.138383033444173,5.576626448665603
0.7914888609939603,-0.6106286874949864,0.02603822057348623,3.8695741159696078,3.2264144475272594
0.1399202632527729,0.25447027390947147,-0.9569050107652867,3.1132089873063453,4.774986821191929
0.48985488995552895,0.6725868006602288,-0.5546793509445743,0.31647431164504763,5.51514557760703
0.5850451460192483,0.5627026561019015,-0.584027309237489,1.8511692382846354,5.37427624544951
0.5498197310591797,0.2864381908877349,0.7846345812790645,5.975369478256127,1.6396050710552448
-0.9736426500987195,-0.21270089035654802,-0.08233056024511187,6.2812185860186025,2.283011747139156
0.4267558563160995,0.7292299333993337,0.5348861031418893,5.863394861581842,1.0107287919651775
0.20493794786303246,-0.5457938221962754,0.8124712556011255,5.653706649825874,4.809277463656951
0.9670580709292319,0.1383180226119675,-0.21369794587535934,0.09052357321130759,3.4546493612130322
-0.37409808551552926,0.3759503108596649,0.8477688282651923,2.7917690681913294,4.118473113642386
-0.9194447782754016,0.1562812582670323,0.3608288625048867,5.96193437223165,3.5629427558258597
0.2041194424003396,0.9562179822345104,0.20971986955349814,6.220115542523312,0.5257796793052426
-0.6143854230471608,0.7828162052021316,-0.09863742099272173,2.9863304646811772,3.2433613189321218
0.1689808857165195,0.9787957628207384,-0.11577700525851128,6.041254244449391,6.070589609406825
-0.18593588051895918,0.9173358167247764,-0.35202677126821885,3.103801451909394,5.5900778815040875
0.8038932345067741,-0.3977700895178039,-0.4421929707709465,5.546533134353384,3.788824629669012
-0.8672360675852372,0.4970098963743019,-0.029711378044440698,5.910166915329127,3.151422641649967
-0.7407295602461084,0.645920568005694,-0.1846790145219771,2.9093924259738015,3.095585626225441
-0.6737318384160766,-0.5657852160725915,-0.47536564787349184,3.379570800455406,1.2666810467443066
-0.2684717940509068,-0.44842502993868244,-0.852547880370117,0.6220500723455172,1.489431127118946
-0.1723791746762105,-0.2726722143219678,0.9465385801300987,3.333854092037513,4.799357734454299
0.8523486640419413,0.502336835245455,0.14546291232303304,3.066471340182416,1.3856889765466458
-0.8223080336445832,-0.4649539971291042,-0.32806596647206193,3.308746478814348,1.4709116156473587
-0.06471368702050587,-0.7297770234585736,0.6806156292241285,6.031347520483101,5.154440756632866
0.2823238979503124,-0.9589693252693543,-0.02590462967465264,2.362947980883168,0.26190837059192473
-0.6291320610152686,-0.3911788130429169,0.6716933720299874,2.666268613828148,4.9881905114221095
0.5059418815555736,0.5426758809936496,-0.670466778204388,1.724280083833239,5.278167498161826
0.6099939909408327,0.35426310779936504,-0.7088053198646374,2.590640296701831,4.956856635565951
-0.37585918931194573,0.7605156848883953,-0.5294768765947215,2.9711073670442314,3.9258941368952502
0.6228964183752715,-0.304868451952802,0.7204549111354304,2.5052153600279152,2.237289890376589
-0.8359451824594794,0.14525976010191227,0.5292402611460342,5.8826446360446685,3.82134863606187
0.7436656210830849,-0.5733076333549646,-0.3439183065148456,5.408805188515907,3.554752915276597
-0.4822794212573531,0.12487876753306255,0.867070846731163,2.9047187618223367,4.375000898492781
0.022289324358547472,-0.692879910004518,0.7207084128354342,5.915017317808809,5.086171304079016
-0.9703737037218476,0.09094505703045909,-0.22383894148889788,0.2666642839429604,2.4395256625025388
-0.2514102826242967,-0.9470517421770713,0.1997144647494147,0.004157641570469027,6.248600856365831
-0.10013948909199324,0.22298136977696112,0.9696656080612454,2.8102045387849666,4.3273362207190225
0.7013790097558151,-0.5812320112410043,0.41259766575041257,2.891010747543494,2.6134523833717043
-0.07849331209785353,0.7927141667336998,-0.6045188581141244,5.868364474688799,5.4294394204997225
0.9796129167328552,0.0380380338099312,0.19726033902947257,0.03906285124244845,2.6739057270522304
-0.11218947039236153,-0.6124572685085946,0.7825021514245649,6.005308764006952,5.046214611171076
-0.44405417699230815,-0.8936641751400545,0.06465469794941285,4.384692134355918,0.16911547717375666
-0.5509855827498931,-0.8319600080863804,-0.06524900418144686,3.532575744514095,0.32272482914243583
-0.3338538964831868,-0.8047786859857153,0.49078798109377025,0.2639011421866304,5.8531583335020105
-0.8530453208520317,-0.5136788380236355,-0.09191154410160879,3.31001973200091,0.8778625275657675
0.7219090231454038,0.6387006553885459,0.2662871290684002,3.2206683868328607,1.1049499015128654
-0.08121422752719047,-0.14599314734161034,-0.9859463728704785,2.962964832265563,2.3497936119292753
0.8499872071876271,0.03526046064065823,0.5256219625670017,0.42099479291196723,2.084107984508931
0.15851639423534647,0.35310119235766607,0.9220586210833988,5.917138244958801,1.4572753799287643
-0.6358218715221116,0.3449900011612052,0.6904436593907652,5.650180658815126,3.9504180158184043
-0.5586236188521264,0.5354579676961119,0.6334227792646108,5.827171777860792,3.825299467309801
0.7323801873098355,0.6788437343778541,-0.05282466783558313,3.0965887030571015,0.669928644777525
-0.7909872092297047,0.39084885391156543,0.47071903321516445,5.85493519877443,3.679195111212289
-0.7130557784605119,-0.7007719719364107,-0.021681793109138536,3.3666240386933564,0.34461229781443486
-0.45555645366371494,0.4416679289567456,-0.7729151040420924,5.746473880441478,3.662433354893916
-0.0928270749916678,-0.34788766509541774,-0.9329294221016666,1.5912857922244645,1.7072746538844195
0.1139384695643235,0.9459599248676825,-0.30360804616753523,6.044542394861045,5.826691722272898
0.4574864780516243,0.58088369069827,0.6732609154560194,5.823361181332043,1.19706120603557
-0.006900109050586192,-0.9981943101677839,-0.05966998947336737,0.012142137183108246,0.2335638139580485
-0.30708726045260903,-0.5481670565609952,-0.7779526287435284,0.5462256723958544,1.3668243606154935
-0.32527629948961007,0.15463729879887847,-0.932889401167433,5.8754851690181145,2.851845792254249
0.6519276242843884,0.7562314466307322,0.055716889914128924,3.1722563215422306,0.7671148868793417
-0.44604037876441593,-0.7401730548050851,-0.5031817061978752,3.623929348759402,0.8586243166791344
-0.0002671170072750122,-0.9607439572221074,0.27743643832364573,0.06214908348785117,6.1589508582823305
0.4698311569410692,0.7825290162763482,-0.40854255916977267,6.2447866204610785,5.7046182266300995
-0.3698242034481898,-0.9222274115194907,-0.11281249924530369,4.611052039623733,0.3078106482568311
-0.42930355843290724,0.5489036713801636,-0.7172190838664436,5.001125311193523,3.9155863519019274
0.8457076511747206,-0.49929975223473744,-0.18835691164081778,5.724547609098746,3.4645620358200198
0.009582431259554106,-0.9904890549966194,0.13725745496350972,0.06529784266255372,6.26032005160516
-0.1482793133633696,0.9870659824889921,0.06094252572324325,2.657108739867412,0.22719735158646523
0.5604048772656548,-0.2299590585792888,-0.7956539479661956,3.2489985388256395,4.051308807973516
0.6851875420770697,0.10955047353990713,0.7200810551108576,6.161473768292514,1.878258447904743
0.3598965234045786,0.8291551509760955,0.4277572068955776,5.9960166531222985,0.8926708945540044
0.03619954904123079,0.7109231996972879,-0.7023373810223842,5.921142421609776,5.370853341155301
-0.07038104465964487,-0.622442386705479,-0.7794946977273187,0.7540860536663314,1.291069770268102
-0.7469128513343872,-0.12392508007561771,-0.6532715875038401,1.4080757832160684,1.881546021174278
-0.9592138999009603,0.21836564884324514,-0.1795136140855595,0.20004339946783542,2.588526183067668
0.14767720388070235,0.8471999947749507,-0.5103367636250606,6.075985918408834,5.635329474739028
0.03412028700833176,-0.8392346721805752,-0.542697863478779,0.2544305169960175,0.8748824963529366
0.7167288650600916,0.6489403136721873,0.2552963048708623,3.218172335871276,1.0918182466682715
0.01083372625745539,0.6484481403917539,-0.7611817388757134,5.894044078004033,5.3240931406962995
0.28395716847816194,-0.7680596596087668,-0.5739796910619138,0.15744588830761147,1.2921627782118108
-0.5331458371822919,0.16935851298195972,0.8288987938076231,2.921135938602532,4.329490432928834
0.46090578352765876,-0.4504960502427084,-0.7646039284665455,3.164194587834378,3.810905232008469
-0.6681246536063026,-0.4961764678763272,-0.5544532080971578,3.3462136246201184,1.4430517172167265
0.14180869541116395,-0.5589425103626322,0.8169905531983235,5.69972090543877,4.84894377557861
0.3169630841075427,0.7639031051765716,0.562126719890299,6.131154887180799,0.9696796629646391
-0.40201280680316953,0.9097698281454991,-0.10346285788797087,2.963347881990497,3.632652719665325
-0.24559400862302505,0.2403843929559324,0.9390947377936272,2.821791868108081,4.372656384124599
-0.9375584928691777,0.03418676920895031,-0.3461435211872817,0.43568357085129084,2.30084859867162
-0.9676200203967963,0.16908332443027949,0.18740951290398367,6.042483716350612,3.2669170728243655
0.35400037762379644,-0.7229937635692657,-0.5932653289061803,6.137787060183901,2.1636230692645526
0.46254552496419465,0.8828377733135653,-0.08154203422985816,5.900701276233441,0.014610450900324057
0.5122869315068335,-0.6914340970958269,-0.5093927651435496,4.672802993326175,3.4753723326966073
0.6879031406378844,-0.576060872167269,0.4415236580959399,2.887905217854611,2.5865792600478077
0.6896442308865657,0.3542289712804955,-0.6315953377839636,2.5842184824827026,4.9670552202724
0.6345143334231844,0.037480756951486255,0.7720017833780408,6.177891698680861,1.9267811807990518
-0.16138676994654458,0.5862678508615792,0.7938792839798543,2.217551386450496,0.5702434558097225
-0.6847227758186705,0.4926012330966634,0.537120792212349,5.804805163342436,3.7263515224682586
0.624861282778781,-0.11737101334707559,0.7718629557829142,6.242762508628462,2.002377613941718
0.8276629869591713,0.3984535314065787,-0.3952325433557429,2.642567076060036,5.222332956468878
0.08661596457913208,-0.43465899769463373,-0.8964202309202548,2.4195809481303394,1.9535741732969252
-0.5702970234393249,0.0887659039061671,0.8166283851054696,2.9121748827713567,4.371377000496933
0.6769808257250084,0.71976429308547,0.15374109405054798,3.183835736802296,0.9022221645016621
-0.27318414010108005,0.30565886766861694,-0.9121091394196049,5.8015625749076944,3.935029819317203
-0.6111291141874535,0.5674093021299985,0.5518766978672014,5.811933228738164,3.71957685886138
0.03771417673223761,0.9333542358683847,-0.3569699024567101,6.024402254904379,5.76030702770108
-0.1176269443777506,0.41100019386487724,0.9040147911397174,2.6766559883376035,4.3215447246132275
-0.21564856773238225,0.1186970634110219,0.9692299532993045,2.8538399906958407,4.443810809400361
0.9513176448378708,-0.22990012322209794,0.2052819328693857,6.28247344451661,2.934790115034245
-0.5592894697231381,0.14787712376375686,0.8156761890138571,2.9209234648212368,4.338928366829386
0.9116058880502063,-0.29534398110491183,-0.2859136892443179,6.0348049347622705,3.5932604862337367
0.8763030980846609,0.17020188328030153,-0.4506930210410005,0.5062000833616256,4.13987805390563
0.8122487561590486,0.358239189348688,0.46034404670080553,3.187687633769484,1.6427091871067976
0.9779201108662842,0.1726752730184397,0.11770941700340631,0.11609748608012344,2.5335089330030423
-0.1564186403281859,-0.26810868381167696,-0.9506055662695501,0.8833025875876365,1.8384217772854838
0.17723085305108818,0.9365135025410417,-0.3025420372197786,6.053137322127773,5.83411762963781
-0.16413173503857476,-0.08548259342956542,-0.9827275816693977,5.6021590262576675,2.293589346399568
0.25988587444511435,-0.8869122712735366,-0.38189783362610874,0.04988956152550635,0.7501614677689611
-0.49068187279730974,0.8689392649395216,-0.06462084458198333,2.9773344562515196,3.3224260966482353
0.026100226996108,0.9607754164545842,-0.27609668105080853,6.030550665746918,5.828838545513555
-0.1537188092611327,-0.9869340931190043,0.04828688764776961,6.209612941832513,0.12677960898337615
-0.33439845859146056,0.05103155596912846,-0.9410491226216753,5.920078550130613,2.3633932424627915
0.26059113232345005,0.35495503763165653,0.8978302640334037,5.9262491812660585,1.4355463729409583
0.6960657072841187,0.4262195175262248,-0.5777797625590323,2.5773312910651787,5.123415555422367
-0.04471234802782365,-0.5533422396284657,-0.8317530713960678,1.0514521803405257,1.3932260435193409
0.6248677532239412,-0.7513634057060298,0.2121162972208874,2.985989549400819,2.8262765553790383
0.7253856262093413,-0.5973167392582821,0.3420941482848475,2.9052019975647343,2.697634368771818
-0.9317529569171566,-0.059144091615802065,-0.35824349778199305,0.4252848058178273,2.23661099319319
0.3172000284524625,0.45713366169338454,0.8309109201933473,5.94685676757028,1.3442162046331367
0.11013750108723469,0.7144691121264016,-0.690944005453098,5.9741511804331555,5.401785092086102
-0.7228133198787285,0.2172862394069993,-0.6559935935436071,0.9592498478838892,2.3522997532724244
0.4337986312389252,-0.5826504816773561,0.6872678980836948,3.2345649727129504,3.4023836621265997
-0.5837369251640967,-0.8055443277740387,-0.10173268005433592,3.486214237452411,0.3817751756333191
-0.1504241536919919,0.9813646443051773,0.11956591861320938,2.5856158058126666,0.3284697700498083
0.031503454979949976,-0.843897269934411,0.535579060570495,6.183606309373241,5.668923455891386
-0.9177473618916526,0.394134811876682,-0.04896457707204648,6.044951558491304,3.1024714263276443
0.6209783134953886,-0.06751444110425837,0.7809146780607998,6.213579309608863,1.983012414842507
-0.7515042960395808,0.36100007761606606,-0.5521958321060098,2.099651430810806,2.5946608124346207
0.5207569874573676,-0.8534488538590103,-0.020909659515854818,3.0069217687907988,1.527537432457225
0.7479674667437486,0.06853092185313682,-0.6601879894718614,2.4673544427610543,4.273870022798511
-0.16891889516738812,-0.8347104713759115,-0.5241419996821783,0.16431993631029967,0.8514251466771546
-0.7824304672590017,0.5799780480969777,0.22677748484027266,5.694468272631171,3.391362806412632
-0.9789525728889357,0.006093766236546261,0.20399687754273946,6.062096013971269,3.3166857106377274
0.30699182975043277,0.9216315678791237,-0.2373842234756757,6.050500263783352,5.924527933413455
0.1720795417227703,-0.08162052582216671,-0.9816958393947661,2.95508983552601,4.331866925587501
0.3094712247327762,0.9452752773274584,-0.10335478283994472,5.9930820492109405,6.221643334311885
-0.8219989065254598,-0.33496987143010765,-0.460557252581094,3.257412430195676,1.649481317416888
-0.11223116175378145,-0.07871485930076039,0.9905595071759485,3.0104100492204946,4.615779768292845
0.6220546183537762,-0.7670879101523622,0.15692096699555305,2.991668116126855,2.8415681447219114
-0.6224944400369086,0.1323157969264239,0.771358024530024,2.9423387757394748,4.309414563087774
0.4445648397719977,-0.8099705575324838,0.38250463940848545,2.9792924210041987,2.442213297016521
-0.5699385110233607,-0.0862232102737626,-0.8171509356676777,6.236206903143431,1.8932564517336843
0.962432810156816,-0.2708815395977082,-0.018608531345307332,6.159839193417825,3.2682637227815197
-0.09103621888898467,-0.4275145912519496,0.8994129647259235,5.649596755736867,4.842639188962971
0.8496650368169861,-0.523578541454111,0.06272827225083942,5.052968628531443,3.1861947766638776
0.6516363169329251,-0.24688562566846442,-0.7172291114367733,3.5105297238684114,4.01269038749694
0.2744104261662081,-0.8056781598174818,0.5249586848547191,3.2067414670881718,5.2369931904332
0.5973679317140632,0.577926561546585,0.5560147872301633,3.8065545947176562,1.2233462833286486
0.62672576374962,0.622241672644155,0.46907368064885047,3.3940423571610805,1.1811275431305643
-0.7053966222413367,-0.631740020442074,0.32143452195176664,2.7034272976869675,5.787747635512645
-0.09464340069896002,0.7060847306197133,0.701774165875193,1.0276581991257134,0.8609135379813309
-0.7434174722219508,0.6541471972392167,-0.1393624997594491,2.943222045724668,3.1222062302797133
0.4364238091734514,0.8411613670437411,-0.3193459149255545,6.0807118607046515,5.871999079094607
0.04672209837594703,-0.6097400270504764,0.7912231953980069,5.774398177269413,4.928151895286547
0.34183407280453404,-0.4435734515518316,-0.8284878150873792,2.9307809697432203,3.7313542901050645
0.232391707480334,0.2563792484202871,0.9382237341241286,5.899471629268217,1.525413237332214
-0.7614289216872723,-0.08084342608781372,-0.6431876380004066,0.9880771214513268,1.9235273530985015
-0.7455592372628607,0.5782180164060347,-0.33136890203441277,2.793711317941354,2.974145414001569
0.19832883123232958,-0.7721312748848895,0.6037209363991389,5.442167807575945,5.1709492717449805
-0.6453158290992248,0.14427795787849085,-0.750167549007815,0.21363369966469203,2.207256518908886
-0.11633642836779025,-0.9601240995364323,-0.25421948966194763,6.261543584773861,0.44081355620611107
-0.8735095820927178,-0.3852162011026225,0.2976398635940244,2.9334648709669255,5.044916718509813
0.9320762902235532,-0.12818705108108247,-0.338824245204257,6.151098795147897,3.7649957467765045
-0.633508940248448,0.3501788429881981,0.689957390386345,5.651836179847912,3.9485900383697734
0.9088141722015645,-0.07054355750184378,-0.41119387994055717,6.212300926497508,3.909524273985116
-0.8481139982661032,0.49842377511913594,0.17965630058829896,5.808891472726218,3.34342739700661
0.3923096922707741,0.8713303032858519,-0.29474838070156695,6.063290026081999,5.889456093368888
0.1251178672483246,-0.6122832867263013,-0.780675794482491,1.2264598707179766,1.388484284237665
-0.12195427629050265,0.888115856861018,-0.44314487392553636,5.520201232819113,5.599526841389957
-0.7095220083680185,-0.31104053958109623,0.6323229415247513,2.704021217245467,4.9208419455877035
-0.5656516530253747,-0.7389171989877564,-0.36611416316464684,3.5032097750584548,0.7802631122403786
0.29568911667676806,0.9037972431358171,-0.3093840486822315,6.061595708388473,5.860325408158581
0.6146927125723942,0.13499709553421077,0.7771284664119049,6.120459749117713,1.8414095547771172
0.5536642325695535,-0.04520814978755356,0.8315119606872492,6.159969124183115,1.9677224555470327
0.4063554402915167,-0.9016363920358602,0.1480779278016953,2.939737342865768,0.5869335282066029
0.44678790095678,0.43957705393984,-0.7791999648409935,2.363625843531265,5.1173313794832485
0.5060489000328322,-0.7155392101249439,-0.4815788092818577,4.705728803431873,3.4222379858581986
-0.04148553101810074,0.8114045970743005,0.5830107465243144,0.6244856951434264,0.8545706141373905
0.01655452955929237,0.9702496113689646,-0.2415401399135214,6.03193790188624,5.854542591289016
0.07311754275523666,-0.5110719911961216,0.8564223518546603,5.696527425692643,4.837768193313108
0.044870156772038004,-0.9693291395207728,-0.2416354450555026,0.0788639016034416,0.47858254891197266
0.12830228340043473,-0.18636971953479775,0.9740661433982578,5.525562237826774,4.631252175943089
0.6210581353926348,0.7193688140542398,0.31111943338341963,3.2696759783677347,1.0532844961012746
-0.013600397843231677,-0.8966701302136698,-0.4424903465174197,0.1510837663935723,0.7047653384837128
-0.9776946408779542,0.18762678286123435,0.09438950975437523,6.0611653548824105,3.18581161364651
-0.36691327414853664,0.7103329970425197,0.6006676972887692,0.5235310437160108,2.0556809531859863
-0.08506887890442019,-0.8597246809007967,-0.5036236282105601,0.17841445183699334,0.8091938683247852
0.5134640410688958,-0.7540802551075224,-0.4095334508757169,4.560004790170076,3.3559909756536617
-0.43353008134887544,0.8854975698909265,-0.1671697409308908,2.966513232414596,3.531995894018976
0.5414713754383167,0.7947252161841104,-0.27426370584176174,6.107895046860206,5.901268576789326
0.4762648333266605,-0.024905815324278883,0.8789490934629611,6.091751550979419,1.9543194091742446
0.8351350763165277,-0.46466993977255644,0.29433187285368206,2.750769941527304,2.7790330569045847
-0.2436903716174368,0.9530593720998664,0.17970207576309213,2.641048810826503,0.4195243851622484
0.17683544814212582,-0.4128038710609314,0.8934887734703125,5.6491195429262495,4.755007015558653
0.8289494831350623,0.52382872507112,-0.1960770797428348,2.952339680892295,0.28957775698432403
0.7914521143361952,-0.4846885157706524,0.37239843366051956,2.812214851183194,2.6735277770818717
0.11550762404768862,-0.7397443514351415,-0.6628999044400743,0.36852356335581127,1.0088071956808384
0.24393441808064567,0.7032780836675677,0.6677543984943344,6.161959826723613,1.02277098800425
-0.26588559284272295,0.9006496480212631,-0.34370781637584064,2.9976791188319267,5.344188976224405
-0.824324518559092,-0.564421446959201,-0.04378947721545513,3.313726687571636,0.548329399869064
-0.2015387371287111,0.2572837046507654,-0.9450858335398653,5.785954732421274,3.894533163881299
-0.06115950155439412,-0.7053189445926675,-0.7062469127495735,0.46311970764222204,1.1178066724707745
-0.6503064720467392,-0.4263698780910859,0.6287370034209185,2.6539772302656903,5.02222091835513
0.2497020760350846,0.9022500774910234,0.3515589152492243,6.2486191970690665,0.7029925932500785
-0.10783700131081156,-0.08933557719722339,-0.9901466233821792,3.5301753727382414,2.4225611116589225
0.8487000088673318,0.07516624054061273,0.5235058082118875,0.3923045051770986,2.054364321666909
0.7385037513365216,0.6247297792065977,0.2536235640360748,3.2140118962593016,1.1088697798447018
0.2351128783999127,0.3767684861845832,0.8959729026196526,5.92935977443491,1.4187167335168869
-0.30848924435161396,0.40459867270332533,0.8608915728278896,2.715266522263634,4.185689390252819
0.9849246062105698,0.07384086495520271,-0.15643224329920488,0.0725601910669352,3.3779752351806653
0.5686299311021051,-0.2679806060893221,-0.7777187127842654,3.3037383637706537,4.025391127183009
0.06501058941711316,0.9848177157666566,-0.16095865921342764,6.047058400279811,5.946601650569218
-0.12652922483428528,0.970259382623027,-0.2063663870275809,3.4197094998426305,5.827240148057896
-0.7099547919568577,0.7042472516234094,4.4253463755522595e-05,3.1336239192997333,3.241453419943737
0.8058977426183531,-0.31475846290257037,-0.5014538248671098,5.4977701397722285,3.8336250415778665
-0.5597816058500901,0.752238054733729,-0.34753771415820445,2.9277568536208243,3.2620836296602738
-0.4444770650101395,0.2053035479083249,-0.8719464386625054,5.965953584359505,2.4863968721926297
-0.2590399112650543,0.8234425658316784,0.5048174572539412,0.7781806689032807,0.8992724934114108
0.8873803102523545,-0.13343996946395076,-0.44130483741501714,6.135699018497089,3.897102391770723
-0.6159235503004447,0.699892835928678,0.3616465102845708,5.70870314426123,3.462613290156512
0.7743122791306898,0.4483742731284458,-0.44654339720118424,2.6430362255267386,5.263671763571614
-0.3993051837493677,-0.611917861711526,0.6827238832421767,0.7408806437747317,5.158748871225526
-0.17746834461633545,-0.8333330553196052,-0.5235083624650417,0.16160571019053477,0.8538631846051381
-0.45250836863594096,0.4684753649869737,-0.758793126428252,5.701247827057839,3.7315936181838354
0.1987182439615309,0.8029024002822478,0.5620131627798861,0.02117169257412213,0.9180425079614756
-0.7064391295058464,0.4529946053906742,-0.5438194955957072,2.5420407782641536,2.7381525767397163
-0.7042280648430268,0.283604042819202,-0.6508698637854191,1.3683565226810956,2.44471950393611
0.9894478778505954,-0.02922907673172925,0.14191038753510601,0.0040166541645246115,2.8539325203461754
0.3048345038970223,-0.3759464016580675,-0.8750658422737155,2.9062849722604094,3.806665977688956
-0.7200654450069733,-0.6839666394324273,0.11702730899418924,3.27459925507101,0.07650391628831253
0.09268030595635442,0.25203969072492777,-0.9632685789472837,3.1847209490860093,4.764987681280765
-0.3763559813973248,-0.915339476127313,-0.14321249494870464,4.388539667576875,0.33875529891644945
0.05569531159980225,-0.9839686072266626,-0.16942199461174712,0.07084563661039016,0.39989279510382014
0.4975150592227392,0.25502916644118895,-0.8291193461202716,2.711824702255919,4.852982241902649
-0.3989474617453919,0.3770661400987838,-0.8358600652967657,5.812635979484557,3.5723245310523275
-0.4572143671712971,0.8721514493693826,0.17408868950921386,2.913404604995861,2.742298918160535
-0.1157664929177446,-0.054859274123478255,-0.9917603436113842,4.628739368249872,2.524372264182028
-0.5070046678587959,-0.7267514037232122,0.463442190521895,0.9655963854854149,5.750418160945183
0.4031754931849129,0.8765504249120972,-0.2628856676989526,6.059340085855842,5.904170498519726
-0.8643889492046615,0.16680874589545291,-0.4743485920561454,0.7009795116392628,2.34459188941637
0.4310340267189837,-0.021228590888463347,0.9020859242551724,6.037202448522776,1.9457779726262006
0.29431038562247214,0.029412138527409756,-0.9552572025491335,2.9465057304757853,4.4975308182702705
-0.6664985423109341,0.7009278750847618,0.2539287439943747,5.570783419694874,3.403416034548927
-0.1338746358315078,0.2286179461855623,-0.9642672951847306,5.742157198158191,4.053468358121704
-0.8057145973289094,0.5432590871898911,-0.23599481315639056,2.7994948588383277,3.0124217517808694
0.6311930786945911,-0.6790131901061186,-0.3748818281404902,5.119862071528899,3.521424881113351
-0.5033073222275415,0.20550030248869677,-0.8393160102542998,5.998277092302415,2.4160685338835037
0.611573232877745,-0.5524421704544872,0.566379580432592,2.8807268135120006,2.5126391494643245
-0.8802276534350556,-0.45226571940376104,0.14371846499463467,3.1425328564869424,5.872615976523629
-0.4754351487278254,0.24368660515664528,-0.8453273081010574,5.96485894828304,2.5290140102455463
-0.00432262192399956,0.2986940696001093,0.9543391261629313,2.7790765872589285,3.7579939757286573
0.28005368127964375,-0.5616765331228959,-0.778517442155771,2.8085791091477907,3.4445610845608
-0.6167910612705132,-0.7869674591604214,-0.015843136033768426,3.433406335450191,0.28769853146909924
0.08087364310844761,0.33432693827294957,-0.9389808050196782,3.3668131435274242,4.86038841216725
0.6719767073908884,0.7162179622112212,-0.18835905959126556,3.059655652876955,0.10311849141324911
0.7050877463581521,0.7089198830652713,-0.01684842219034642,3.1276412171461416,0.7193462463423462
0.5901408207316656,-0.3793597510901102,0.7126148966721126,2.6214084203547556,2.277111965225407
-0.7678313068330332,0.5332403223193609,0.35509131628331936,5.770823318923919,3.4776929746246545
0.40844340742944746,-0.8636470934121727,-0.2954448865154516,3.391847959194184,1.4595322837158875
0.6138126304776501,-0.4738891010736231,-0.6313977942230564,4.049004433297135,3.8325656935122603
0.06156905089348403,0.41098169206954777,-0.909562147824835,4.12176770071231,4.9182889221423
0.9197409095718339,0.1909052603021552,-0.34297498574814755,0.25780348946289583,3.9116648309501105
0.20570302256867773,0.439548066282898,-0.8743476219062274,2.8267886730748017,5.012546398742
0.10956050515966671,-0.7535570650373481,-0.6481884335912332,0.3562580389229998,0.9964863108488841
0.9490001848037865,0.09219322251659043,0.3014947080205316,0.10184727467407034,2.3550936985683633
-0.7380563133513329,-0.31461803300359314,-0.5968989626655328,3.217774022716026,1.689291158200277
0.34905604760416664,0.9025372979839814,-0.25216324351247493,6.054727222939531,5.906876987910982
0.0175316878978619,-0.1668632216264954,-0.9858241755951611,2.9198687505918097,3.1038174426037206
-0.5598854838670737,0.07296236771961634,0.825351281486665,2.908424999156728,4.383727409043813
-0.6971059142984298,-0.22205638779458375,0.6817142399053813,2.730894025713171,4.829312898326924
-0.15768521942194544,0.5637402570997546,-0.8107603185288211,5.733447419538938,5.058720183405908
-0.8950005264560829,0.25042314891581313,0.3691372429468786,5.917305040004039,3.5937812765533823
0.9589055058338881,0.2832497068305996,-0.016426638786878594,0.37384142184993435,2.4583980927867315
0.27954306156129877,-0.7123188831723251,0.643783725647882,3.8906250742543604,4.73720389642406
0.640453959369283,-0.4207058197574536,-0.642514855198242,4.052337739585017,3.876705910811681
0.012784106643508155,-0.7684422791372316,-0.6397913958875224,0.33445677456316575,0.9767345424627277
-0.41879995030675793,0.01152244823436429,0.9080054156279815,2.8822395515478028,4.491979211112551
0.4513423842799718,-0.675166121857573,-0.583473015698477,4.504332024860562,3.434738466685127
0.9912264115466042,0.02380121354691037,-0.13001424262801564,0.05022207492132292,3.3316426537444417
-0.3760530712731332,-0.6446909407347254,-0.6655506581174858,0.37967614154851825,1.1550791814860286
0.10212498116078661,-0.9311554405924356,-0.3500286183700072,0.10660831916883305,0.5621216081933726
-0.43579007622227106,0.8337225954113171,-0.3391071266824166,2.9585717365632833,3.7487357971935533
0.6061083224558639,-0.7656565506537097,0.2154129705723443,2.9853395349171468,2.8113904539744463
0.9983007648699935,0.0011917873008682775,0.058259441320830205,0.007080479022847357,2.9327852888626573
-0.27444352482609546,-0.30016740741411146,0.9135536542575478,2.9881251162139106,4.819990850916788
-0.24832516237250188,0.7478596850936645,0.6156626553107436,0.8655970273556121,0.9060252125991973
-0.603390972890119,-0.6315461389024948,0.48689712288333203,2.119080019847105,5.61244710280661
-0.007799209431130968,0.913586173785545,-0.4065703818530531,5.993579379023597,5.702569799846361
0.2297772946460216,0.889812347440746,-0.39425420886421053,6.07587875727118,5.751129392637139
-0.699392770494254,-0.709666296976058,-0.0849911731691083,3.3817453654947185,0.40368556282683754
-0.9104407926334184,0.01753642944137484,-0.41326751233490466,0.4950374064102131,2.2763358821095823
0.29866583302259986,0.7182421520614114,-0.6284321213839318,6.240386191641198,5.478931530364797
0.6001860824678044,-0.5213114216857524,-0.6066391580106988,4.093172843355644,3.789888347327564
0.7172173422486188,-0.6535518056955959,-0.24180430362144895,5.31801389063156,3.5002404813828236
-0.899366334288769,-0.289527828715768,-0.32758790140527944,3.2421464037434173,1.7525910491529137
-0.12825274018771132,-0.45307167721446867,0.8822002550103982,5.692833473595446,4.862208772128622
-0.9324356257403144,0.2940096966214605,0.2100526175576614,5.974207085087076,3.358292254090691
0.21376262774294733,-0.6381431859126286,0.7396477629613372,5.61309831366116,4.856032294916381
0.2998446653916329,-0.5154278497834524,-0.8027622987558563,2.856594648395297,3.562337855944281
0.034457906132415936,-0.3862842544184649,-0.921735931540775,2.309258157552993,1.8191798042852068
0.0320448720512158,0.7439541056772639,0.6674619201281551,0.507531576938669,0.8955780723844289
0.9803918874768958,0.1520503290867107,-0.12534928956365401,0.08703081807341187,3.3068043397714457
-0.5422558875215512,-0.8340797530036768,0.10133863072659169,3.5503426758131003,0.1499942883731912
-0.7558002239001171,0.47130905222062947,-0.4545699053472686,2.5735244731601843,2.7845666962542874
0.78024531029513,-0.6110452530469004,-0.1335700359036622,5.42715055075311,3.402299492646405
0.4319902162535128,-0.5232062141606613,-0.7346017359936685,3.183884482292028,3.717843563489251
-0.1781154837348709,-0.03834971241952161,0.9832620067973912,2.939938162327104,4.584321128109511
-0.714333841097897,0.6927238843127713,0.09930147816095584,4.34998778119042,3.311002698167239
-0.13754271532702878,-0.580770531006707,-0.8023637527796577,0.7542050968399691,1.334114874038315
-0.17955377091938923,-0.687992722841284,0.7031546463375349,6.071513406587632,5.113171029555446
-0.4087014896791316,-0.9018911509098253,-0.13984078176486756,4.101211896731412,0.3510000531490532
0.5281874594078372,-0.8049253286563812,0.2703945691239213,2.9713115561448538,2.5828316554483672
-0.6438359218364896,-0.33995451669863713,-0.6854970695263064,3.2676515614610926,1.6666385909783221
-0.9729889413650721,-0.09841490281402045,-0.20882295583911104,0.23435025212265398,2.2711827488084175
-0.9943541031641292,-0.10603635324131944,-0.004026078978648138,6.2275511301842155,2.5646595649410737
0.7664033784338024,-0.6423361025376579,-0.005494806819646928,3.8566676142207856,3.2483210132799507
-0.5147180043731099,0.5710424993997995,0.6395121889795325,5.895792236458377,3.8169685375919693
0.5459321372920439,-0.8377870768812401,-0.008421121215601436,3.0112447164656246,2.081976850476426
-0.9182474224681793,-0.0282193083639997,-0.39500043261495604,0.4662069499134995,2.2485594804646944
0.7612928455781687,0.4524184742644403,-0.46448974952708116,2.6365148969089938,5.256857211517841
-0.8760633884189509,0.2908584458999992,-0.3845962869302609,1.1058903065383927,2.5354759985111035
-0.25557168758659454,0.9652054388097197,-0.05533148648171927,2.889419928137916,6.169659118319928
-0.8684122576559238,-0.15372807112385076,-0.47141046965620276,1.512976311263127,1.9285051147072516
0.20935949561074688,-0.27590545452845544,-0.9381070204188113,2.8858536960278656,3.947928836190756
0.3426054052999623,0.7216549967339243,-0.6015277233413338,6.267057095944173,5.493149755431608
-0.9757645842584202,0.15313454416669928,0.1563115078612253,6.053202951631427,3.232089359653094
-0.7717475682804514,-0.4402115124053132,-0.45893301820531124,3.3174759595492502,1.5049868313048562
0.11697641419824352,-0.9344469664291741,-0.3363411741857292,0.10543724949050226,0.5544953881535198
0.8161744403034671,-0.31736489649153693,-0.4828444940871113,5.515880046215599,3.826296580491278
-0.5616557296887148,-0.1848676478817116,-0.8064532187762169,6.218688069838234,1.7932895983793873
0.6776370796627655,-0.36361253718188374,-0.6392135097682714,4.071509450680745,3.9140741192387156
-0.4507685734027219,0.7454453958395316,-0.49103854742180775,2.9509289403052166,3.603850392772921
0.06598903174068065,-0.7314449984567685,0.6786999793152386,5.918999512683177,5.135417060979493
0.07150260532936162,-0.8270592355392864,-0.5575485614188999,0.277115916798718,0.9079545611201323
-0.7152661766512927,-0.2387755991681836,0.6567956377599631,2.7237473851716802,4.852833756585868
0.40253026974928935,0.7753648073749972,0.48659921641932163,5.903283514831642,0.9616801870661197
-0.23899497419735613,0.20750961602793497,0.948589037236012,2.831391573541689,4.392558335479771
-0.21878665809129774,0.8336069536913387,0.5071802884563712,0.7694497438219019,0.8651618071346193
0.624544092983235,-0.1318818839994654,-0.7697738918620843,3.2557149231185862,4.093634244898167
-0.2919067600958083,-0.37448624141958187,0.880085506299134,2.8913067091148332,4.866418415149277
0.6133984869759355,-0.3944963589968581,0.6841892420331199,2.643743438956271,2.2848216767448863
-0.2841579842420604,0.9521256754190991,-0.11274279666219617,2.937392376398673,5.835772682291136
-0.8939798353979751,0.4279700223828256,-0.13282211353330123,6.184841410987645,3.0470880434342704
-0.3158131641754747,-0.142290226905123,-0.9380914329961463,6.150171287662036,1.856756660166481
-0.5047083524030467,0.6529657534776416,-0.5647169235997606,2.921288641245409,3.3133742425456343
-0.8694201146232634,0.2437303714071844,0.4297722307713557,5.90031893230695,3.656001897990526
-0.5089268830522556,-0.36638222089106554,-0.7789464011866581,0.5441469488469356,1.6472188257683162
0.17811315308940753,0.03199290132274391,0.9834897858958691,5.691576613546772,2.05684325177051
-0.1557886045387478,0.24612859834725956,-0.9566350525521647,5.762811160690648,3.9997438442315887
0.18915648007708014,0.0002634914325846756,0.9819469214866525,5.682798837014889,2.394315093129162
-0.907676340871101,0.09999122946838708,-0.40758485527831995,0.5264984477633062,2.3128683662789946
-0.7760715444312717,-0.6257689925465021,-0.07826957193824823,3.3500039043566576,0.4908715397915043
0.8306550305590795,0.5493101203377875,0.0909429046236162,3.0758912107536758,1.2188375482948568
0.04503974628948409,0.9059911563172547,-0.4208936278076716,6.025176706241674,5.707886405397427
0.2759219291516753,-0.7819083425566533,-0.5590048594185254,0.16176243454230657,1.2361543885721222
0.23547098433690863,-0.369596025978884,-0.8988616095462212,2.8564320575753244,3.740341501000528
-0.5806136214083895,0.49442106469378494,0.6468660088628089,5.783740483601776,3.854756472762808
0.12886142237497086,-0.30181147413342657,0.944618742088525,5.611645563791963,4.712480545479057
-0.11246147827389202,0.6530877433543971,-0.748885048178098,5.817045654162591,5.24252917256775
-0.18906308243990597,-0.6680884831904524,0.7196616771001509,6.073856994123734,5.105729121565458
-0.861111258058326,-0.25285729237244486,0.4410788942346743,2.7609791290433123,4.7752700768760485
-0.8051662323935547,0.3182081908834431,0.500450682353271,5.8637696401945885,3.721523413641815
-0.5404237062596984,-0.8109203159684248,-0.224389079195493,3.5542886608877478,0.5759466846184959
0.4642277224722263,0.03915074335727935,-0.884850179964282,2.9270890619343257,4.508151433641751
0.48340235657656155,0.7882120892488109,0.3808462472156597,4.361992831037916,0.944928149653409
-0.1038003783341062,0.36739915272363244,0.92425285719637,2.722337852816073,4.292129342875435
-0.4007108366572599,-0.8594266122350521,0.31751649337887977,0.2622093389027256,5.972609206226205
-0.2299337170398261,-0.8149955816580133,-0.5318953728377095,0.14204999842308635,0.8783085450967615
-0.4203099955402524,-0.9044012323826005,0.07347052819863398,4.8226784526244435,0.1596119306954691
0.07222469696823304,-0.6498190545113418,-0.7566497138979388,0.6763059211981886,1.2033979898783995
0.7899509805664002,0.43138521626632875,0.4357570922991795,3.2037706380988142,1.534214995507796
0.7382061640199693,0.5792439393619968,0.34572838777762727,3.232082896918893,1.2147164916413573
0.6111590616438284,-0.784322055891778,-0.10641200126080592,3.177467067366503,3.0527770817217026
-0.11529095330770088,0.14514019805683728,-0.9826710125944611,5.702063855076641,3.9869803364078744
-0.4330470037640275,-0.19838933832617534,-0.8792678562130545,6.170780059077634,1.8108974779526092
-0.9311908138089519,-0.020497681153453663,0.3639553727384077,6.040869098725681,3.5843754569906237
-0.6457984321400245,-0.659433701203458,0.3848266866559471,2.314484685072623,5.724558915697927
0.8753134164214098,0.4595657206891064,0.15041865376402597,3.0492659985817494,1.4831299738449504
0.10401824281655211,-0.8322090630206789,-0.5446175544247547,0.2737914827266433,0.9099500120286725
0.6750892272213014,0.6616697638174542,0.32626317435392616,3.2447131553579345,1.1126527064952825
-0.25679086764630893,-0.5581701051733452,-0.7889895968795994,0.5725760725031546,1.3490328558334626
-0.7897723919505371,0.5577187930389065,0.2553611497545248,5.7320191094142965,3.4090010856182
-0.9883155880402614,0.04809136297835232,0.14463581590849645,6.068488883528729,3.2113029724112527
-0.4522412867600774,-0.8437709774619319,-0.2890127266099637,3.623059421966529,0.5965725535243764
-0.5701574705908906,0.5995411662283179,-0.5616679167684285,2.8687586309374757,3.1059604633533087
0.8563299917059974,0.2548516877877116,0.44916540665612403,2.9609910340019105,1.8090299374460124
0.7506370214326294,-0.1716960424370508,-0.6380160899743866,3.902153665068486,4.034473686222423
-0.7208896795738085,-0.10341541708669111,-0.6852906838654365,0.8022943055606689,1.901221383683792
-0.04756560560289015,-0.9629290046095987,0.2655282381314606,0.061085687985106676,6.1599485537712475
-0.928746422502891,-0.185011142958126,0.32124906174090134,6.083935819373422,3.8493004252687446
0.25661036455785563,-0.5481210867748384,-0.7960618035267454,2.767335568944459,3.376994918471351
-0.8082414289984746,-0.3474455303533426,-0.47542338592878275,3.2640586955313715,1.6363707422453815
0.42750373038046185,0.4156200008450533,-0.8028079318294926,2.4308162044728165,5.091772670451641
-0.3525328365878173,-0.4366860223315983,0.8276629247631877,2.454866556201874,4.914533889242181
0.08510010137957774,0.16131552504837662,-0.9832269697905729,3.1513830857248832,4.666455417837701
0.4261593485423212,-0.8541650951404726,-0.29797684455952583,3.4131451695108415,1.6744028959558621
-0.30525770017395304,-0.6600988204221371,-0.686357985137357,0.40946516123038235,1.1677491737865615
0.9273062683287682,-0.36843687674469183,-0.06601024596826857,6.074157645190529,3.352224176559828
-0.40038205742732874,-0.4214589738280903,0.8136747147785977,2.6025238207498407,4.920302107746371
0.14142399282411366,0.8988767481901213,0.4147527526332265,0.11242904906628583,0.7235694929850056
-0.8988915634712261,-0.3373254237732749,-0.27965249077459525,3.2795109491989614,1.6693034730897067
0.10627089703389501,-0.7719863147157647,-0.6266926091276196,0.3384181048251912,0.9802117920347502
-0.21632665561838219,-0.8860490269060536,0.4100242675596182,0.1255345485371348,6.016582227052183
-0.5460259227789465,0.8335633929222996,0.08383174597527972,2.999557424292545,3.2470741141683224
-0.5029503741440583,-0.7435927906039127,0.44057993929619327,0.8264969929989804,5.781168858648641
0.38020249498980685,-0.16376574848301084,-0.910289427834535,2.9742748621008057,4.288293382303391
-0.3013654359061994,-0.6941402363671271,-0.6537187516793865,0.3342796123920615,1.0988680772304065
-0.6269612925894072,0.6907510606606985,-0.36025339664011474,2.889928647320725,3.1092564693252465
0.8449726324187705,-0.5306053899246488,-0.0669266064148246,5.635336252343334,3.342058105880568
0.4640772177891915,-0.8748378918245122,0.1388920406541944,2.952923062541634,0.8590202591983095
0.6090672058537925,-0.7833354849741623,0.12418798949072363,2.994420715236817,2.827121740321141
0.7801215698109262,0.619712288211531,0.08583132385886053,3.122921806456306,0.9820607586385549
-0.25150251384231265,0.958780998617299,0.13223268212288578,2.6822756848679683,0.3759236076435678
0.24604624092286606,-0.9551021705634996,-0.1650487537445183,0.7677918451654517,0.40879759756072376
-0.1392237034043226,0.8859580898599774,-0.4423743023979189,4.809606381479631,5.582600184730807
0.8940800452372785,0.44643717553340095,0.036259081762577354,3.0115901953252804,1.4757449821643551
-0.26635994524428624,-0.5975738396949883,-0.7562789734493808,0.5278529854570005,1.2927107652693484
0.2640915543734912,-0.82565779095371,0.4985427395379789,3.1676812407838115,5.400158991989166
-0.26634114021644867,-0.32933162219129614,0.9058714476420213,3.0158880327097233,4.833365264955216
-0.2539270588447008,0.374434612140652,-0.8918070250999144,5.785386380048455,4.265809259719681
-0.767802086755536,-0.3027300730711864,0.5646542822224574,2.722548702671093,4.907516909711427
0.8260138946586435,0.11237418666356423,-0.5523342176640534,0.7404994243457514,4.183649349238527
-0.8726641958380869,-0.36250823731969256,-0.3271772901312599,3.2869222557091353,1.6072274771625101
0.22389772910051292,-0.2819987098316426,-0.9329236488357031,2.8884503443665923,3.9471676704650718
0.3053687334814185,0.1630459969669206,0.938171593838258,5.897654559120329,1.618744921499183
-0.7373334814025473,0.6640149699867447,0.12419121078523218,5.193793018280933,3.3277136967733862
0.27907909567962513,0.4709760789926661,-0.8368371355116457,2.2688565028244954,5.103810755131159
-0.6809955116554837,0.6394337705052995,-0.35688873089866846,2.8489231081845463,3.029983015621707
